,GEO_ID,Median_Income
1,0500000US01001,58731.0
2,0500000US01003,58320.0
3,0500000US01005,32525.0
4,0500000US01007,47542.0
5,0500000US01009,49358.0
6,0500000US01011,37785.0
7,0500000US01013,40688.0
8,0500000US01015,47255.0
9,0500000US01017,42289.0
10,0500000US01019,41919.0
11,0500000US01021,47468.0
12,0500000US01023,35892.0
13,0500000US01025,37404.0
14,0500000US01027,40845.0
15,0500000US01029,44741.0
16,0500000US01031,55637.0
17,0500000US01033,48065.0
18,0500000US01035,37837.0
19,0500000US01037,38990.0
20,0500000US01039,42189.0
21,0500000US01041,43163.0
22,0500000US01043,44918.0
23,0500000US01045,47214.0
24,0500000US01047,33845.0
25,0500000US01049,40440.0
26,0500000US01051,60891.0
27,0500000US01053,36275.0
28,0500000US01055,44637.0
29,0500000US01057,39856.0
30,0500000US01059,43514.0
31,0500000US01061,41732.0
32,0500000US01063,24145.0
33,0500000US01065,34046.0
34,0500000US01067,50017.0
35,0500000US01069,47580.0
36,0500000US01071,41769.0
37,0500000US01073,53901.0
38,0500000US01075,38364.0
39,0500000US01077,48094.0
40,0500000US01079,44886.0
41,0500000US01081,51463.0
42,0500000US01083,59686.0
43,0500000US01085,30036.0
44,0500000US01087,33370.0
45,0500000US01089,65449.0
46,0500000US01091,33241.0
47,0500000US01093,35930.0
48,0500000US01095,45983.0
49,0500000US01097,47583.0
50,0500000US01099,30441.0
51,0500000US01101,50124.0
52,0500000US01103,52156.0
53,0500000US01105,23447.0
54,0500000US01107,39848.0
55,0500000US01109,37446.0
56,0500000US01111,43395.0
57,0500000US01113,42443.0
58,0500000US01115,58308.0
59,0500000US01117,77799.0
60,0500000US01119,24320.0
61,0500000US01121,41325.0
62,0500000US01123,45828.0
63,0500000US01125,53326.0
64,0500000US01127,43629.0
65,0500000US01129,41370.0
66,0500000US01131,31014.0
67,0500000US01133,35788.0
68,0500000US02013,69250.0
69,0500000US02016,87466.0
70,0500000US02020,84928.0
71,0500000US02050,53553.0
72,0500000US02060,79808.0
73,0500000US02068,81719.0
74,0500000US02070,56898.0
75,0500000US02090,76992.0
76,0500000US02100,58059.0
77,0500000US02105,59803.0
78,0500000US02110,88390.0
79,0500000US02122,66064.0
80,0500000US02130,72728.0
81,0500000US02150,85839.0
82,0500000US02158,36754.0
83,0500000US02164,44135.0
84,0500000US02170,75493.0
85,0500000US02180,61048.0
86,0500000US02185,79306.0
87,0500000US02188,60906.0
88,0500000US02195,69948.0
89,0500000US02198,52379.0
90,0500000US02220,73682.0
91,0500000US02230,73906.0
92,0500000US02240,70056.0
93,0500000US02261,79867.0
94,0500000US02275,53894.0
95,0500000US02282,71607.0
96,0500000US02290,41413.0
97,0500000US04001,32508.0
98,0500000US04003,49260.0
99,0500000US04005,59460.0
100,0500000US04007,43524.0
101,0500000US04009,51353.0
102,0500000US04011,63473.0
103,0500000US04012,34643.0
104,0500000US04013,64468.0
105,0500000US04015,45587.0
106,0500000US04017,40067.0
107,0500000US04019,53379.0
108,0500000US04021,58174.0
109,0500000US04023,41259.0
110,0500000US04025,52451.0
111,0500000US04027,45243.0
112,0500000US05001,46696.0
113,0500000US05003,44744.0
114,0500000US05005,42260.0
115,0500000US05007,66362.0
116,0500000US05009,45374.0
117,0500000US05011,43184.0
118,0500000US05013,46417.0
119,0500000US05015,46110.0
120,0500000US05017,34147.0
121,0500000US05019,41620.0
122,0500000US05021,37233.0
123,0500000US05023,44483.0
124,0500000US05025,46684.0
125,0500000US05027,36193.0
126,0500000US05029,42802.0
127,0500000US05031,47286.0
128,0500000US05033,46828.0
129,0500000US05035,40161.0
130,0500000US05037,46787.0
131,0500000US05039,38072.0
132,0500000US05041,31893.0
133,0500000US05043,46997.0
134,0500000US05045,52827.0
135,0500000US05047,38923.0
136,0500000US05049,35405.0
137,0500000US05051,44777.0
138,0500000US05053,55388.0
139,0500000US05055,47056.0
140,0500000US05057,42860.0
141,0500000US05059,43889.0
142,0500000US05061,36059.0
143,0500000US05063,44319.0
144,0500000US05065,42876.0
145,0500000US05067,34109.0
146,0500000US05069,40726.0
147,0500000US05071,38511.0
148,0500000US05073,32397.0
149,0500000US05075,39993.0
150,0500000US05077,29681.0
151,0500000US05079,46596.0
152,0500000US05081,45113.0
153,0500000US05083,41466.0
154,0500000US05085,59094.0
155,0500000US05087,41682.0
156,0500000US05089,36719.0
157,0500000US05091,43371.0
158,0500000US05093,39962.0
159,0500000US05095,38468.0
160,0500000US05097,35741.0
161,0500000US05099,38042.0
162,0500000US05101,38082.0
163,0500000US05103,35425.0
164,0500000US05105,48667.0
165,0500000US05107,29320.0
166,0500000US05109,40401.0
167,0500000US05111,40921.0
168,0500000US05113,37974.0
169,0500000US05115,43462.0
170,0500000US05117,42660.0
171,0500000US05119,51749.0
172,0500000US05121,37218.0
173,0500000US05123,35348.0
174,0500000US05125,64412.0
175,0500000US05127,36092.0
176,0500000US05129,36438.0
177,0500000US05131,46228.0
178,0500000US05133,47704.0
179,0500000US05135,34671.0
180,0500000US05137,38188.0
181,0500000US05139,44663.0
182,0500000US05141,38499.0
183,0500000US05143,50451.0
184,0500000US05145,44029.0
185,0500000US05147,32845.0
186,0500000US05149,43923.0
187,0500000US06001,99406.0
188,0500000US06003,63750.0
189,0500000US06005,62772.0
190,0500000US06007,52537.0
191,0500000US06009,63158.0
192,0500000US06011,59401.0
193,0500000US06013,99716.0
194,0500000US06015,45283.0
195,0500000US06017,83377.0
196,0500000US06019,53969.0
197,0500000US06021,49633.0
198,0500000US06023,48041.0
199,0500000US06025,47622.0
200,0500000US06027,57316.0
201,0500000US06029,53350.0
202,0500000US06031,57848.0
203,0500000US06033,47040.0
204,0500000US06035,56352.0
205,0500000US06037,68044.0
206,0500000US06039,57585.0
207,0500000US06041,115246.0
208,0500000US06043,48820.0
209,0500000US06045,51416.0
210,0500000US06047,53672.0
211,0500000US06049,45507.0
212,0500000US06051,62260.0
213,0500000US06053,71015.0
214,0500000US06055,88596.0
215,0500000US06057,66096.0
216,0500000US06059,90234.0
217,0500000US06061,89691.0
218,0500000US06063,55359.0
219,0500000US06065,67005.0
220,0500000US06067,67151.0
221,0500000US06069,86958.0
222,0500000US06071,63362.0
223,0500000US06073,78980.0
224,0500000US06075,112449.0
225,0500000US06077,64432.0
226,0500000US06079,73518.0
227,0500000US06081,122641.0
228,0500000US06083,74624.0
229,0500000US06085,124055.0
230,0500000US06087,82234.0
231,0500000US06089,54667.0
232,0500000US06091,52148.0
233,0500000US06093,45241.0
234,0500000US06095,81472.0
235,0500000US06097,81018.0
236,0500000US06099,60704.0
237,0500000US06101,59050.0
238,0500000US06103,44514.0
239,0500000US06105,40846.0
240,0500000US06107,49687.0
241,0500000US06109,60108.0
242,0500000US06111,88131.0
243,0500000US06113,70228.0
244,0500000US06115,58054.0
245,0500000US08001,71202.0
246,0500000US08003,37515.0
247,0500000US08005,77469.0
248,0500000US08007,52221.0
249,0500000US08009,35878.0
250,0500000US08011,30900.0
251,0500000US08013,83019.0
252,0500000US08014,96416.0
253,0500000US08015,55771.0
254,0500000US08017,53977.0
255,0500000US08019,67060.0
256,0500000US08021,36084.0
257,0500000US08023,30965.0
258,0500000US08025,42135.0
259,0500000US08027,53119.0
260,0500000US08029,45269.0
261,0500000US08031,68592.0
262,0500000US08033,45972.0
263,0500000US08035,119730.0
264,0500000US08037,84790.0
265,0500000US08039,99199.0
266,0500000US08041,68779.0
267,0500000US08043,49409.0
268,0500000US08045,75937.0
269,0500000US08047,76429.0
270,0500000US08049,71198.0
271,0500000US08051,56577.0
272,0500000US08053,56339.0
273,0500000US08055,38137.0
274,0500000US08057,53300.0
275,0500000US08059,82986.0
276,0500000US08061,41731.0
277,0500000US08063,49349.0
278,0500000US08065,50565.0
279,0500000US08067,68685.0
280,0500000US08069,71881.0
281,0500000US08071,41817.0
282,0500000US08073,47258.0
283,0500000US08075,53318.0
284,0500000US08077,55379.0
285,0500000US08079,62188.0
286,0500000US08081,57229.0
287,0500000US08083,49470.0
288,0500000US08085,50489.0
289,0500000US08087,53682.0
290,0500000US08089,38169.0
291,0500000US08091,66417.0
292,0500000US08093,73622.0
293,0500000US08095,51155.0
294,0500000US08097,78935.0
295,0500000US08099,41929.0
296,0500000US08101,46783.0
297,0500000US08103,54357.0
298,0500000US08105,39123.0
299,0500000US08107,77443.0
300,0500000US08109,38571.0
301,0500000US08111,54625.0
302,0500000US08113,67038.0
303,0500000US08115,43150.0
304,0500000US08117,79277.0
305,0500000US08119,66592.0
306,0500000US08121,50094.0
307,0500000US08123,74150.0
308,0500000US08125,52022.0
309,0500000US09001,95645.0
310,0500000US09003,75148.0
311,0500000US09005,79906.0
312,0500000US09007,85898.0
313,0500000US09009,69905.0
314,0500000US09011,73490.0
315,0500000US09013,87069.0
316,0500000US09015,66550.0
317,0500000US10001,60910.0
318,0500000US10003,73892.0
319,0500000US10005,63162.0
320,0500000US11001,86420.0
321,0500000US12001,49689.0
322,0500000US12003,63275.0
323,0500000US12005,54316.0
324,0500000US12007,45921.0
325,0500000US12009,56775.0
326,0500000US12011,59547.0
327,0500000US12013,38568.0
328,0500000US12015,51499.0
329,0500000US12017,44237.0
330,0500000US12019,65740.0
331,0500000US12021,69653.0
332,0500000US12023,46494.0
333,0500000US12027,35438.0
334,0500000US12029,39828.0
335,0500000US12031,55807.0
336,0500000US12033,50915.0
337,0500000US12035,54514.0
338,0500000US12037,46643.0
339,0500000US12039,41401.0
340,0500000US12041,43640.0
341,0500000US12043,40977.0
342,0500000US12045,47712.0
343,0500000US12047,38569.0
344,0500000US12049,38682.0
345,0500000US12051,40820.0
346,0500000US12053,48812.0
347,0500000US12055,40942.0
348,0500000US12057,58884.0
349,0500000US12059,39102.0
350,0500000US12061,54740.0
351,0500000US12063,39872.0
352,0500000US12065,47240.0
353,0500000US12067,50165.0
354,0500000US12069,54513.0
355,0500000US12071,57832.0
356,0500000US12073,53106.0
357,0500000US12075,37326.0
358,0500000US12077,38015.0
359,0500000US12079,37037.0
360,0500000US12081,59009.0
361,0500000US12083,45371.0
362,0500000US12085,61133.0
363,0500000US12086,51347.0
364,0500000US12087,70033.0
365,0500000US12089,69943.0
366,0500000US12091,63412.0
367,0500000US12093,41760.0
368,0500000US12095,58254.0
369,0500000US12097,52279.0
370,0500000US12099,63299.0
371,0500000US12101,52828.0
372,0500000US12103,54090.0
373,0500000US12105,50584.0
374,0500000US12107,37670.0
375,0500000US12109,82252.0
376,0500000US12111,52322.0
377,0500000US12113,67949.0
378,0500000US12115,62236.0
379,0500000US12117,66768.0
380,0500000US12119,57226.0
381,0500000US12121,47839.0
382,0500000US12123,40306.0
383,0500000US12125,44270.0
384,0500000US12127,49494.0
385,0500000US12129,61410.0
386,0500000US12131,58093.0
387,0500000US12133,37022.0
388,0500000US13001,40304.0
389,0500000US13003,37197.0
390,0500000US13005,37519.0
391,0500000US13007,32917.0
392,0500000US13009,43672.0
393,0500000US13011,47811.0
394,0500000US13013,62345.0
395,0500000US13015,57423.0
396,0500000US13017,32229.0
397,0500000US13019,40415.0
398,0500000US13021,41334.0
399,0500000US13023,48174.0
400,0500000US13025,38857.0
401,0500000US13027,38285.0
402,0500000US13029,72624.0
403,0500000US13031,45550.0
404,0500000US13033,44151.0
405,0500000US13035,43471.0
406,0500000US13037,34167.0
407,0500000US13039,56951.0
408,0500000US13043,33736.0
409,0500000US13045,53737.0
410,0500000US13047,56235.0
411,0500000US13049,41961.0
412,0500000US13051,56842.0
413,0500000US13053,47096.0
414,0500000US13055,36807.0
415,0500000US13057,82740.0
416,0500000US13059,38623.0
417,0500000US13061,22325.0
418,0500000US13063,47864.0
419,0500000US13065,27658.0
420,0500000US13067,77932.0
421,0500000US13069,40859.0
422,0500000US13071,36435.0
423,0500000US13073,82339.0
424,0500000US13075,41854.0
425,0500000US13077,75913.0
426,0500000US13079,46283.0
427,0500000US13081,36042.0
428,0500000US13083,42581.0
429,0500000US13085,66281.0
430,0500000US13087,41481.0
431,0500000US13089,62399.0
432,0500000US13091,39302.0
433,0500000US13093,37340.0
434,0500000US13095,39584.0
435,0500000US13097,63835.0
436,0500000US13099,30640.0
437,0500000US13101,39494.0
438,0500000US13103,66822.0
439,0500000US13105,38678.0
440,0500000US13107,37453.0
441,0500000US13109,42607.0
442,0500000US13111,47997.0
443,0500000US13113,90145.0
444,0500000US13115,48336.0
445,0500000US13117,107218.0
446,0500000US13119,42488.0
447,0500000US13121,69673.0
448,0500000US13123,52625.0
449,0500000US13125,45000.0
450,0500000US13127,52977.0
451,0500000US13129,45865.0
452,0500000US13131,43531.0
453,0500000US13133,52129.0
454,0500000US13135,71026.0
455,0500000US13137,50563.0
456,0500000US13139,62984.0
457,0500000US13141,31860.0
458,0500000US13143,48550.0
459,0500000US13145,76319.0
460,0500000US13147,43204.0
461,0500000US13149,51358.0
462,0500000US13151,71288.0
463,0500000US13153,61723.0
464,0500000US13155,37736.0
465,0500000US13157,65385.0
466,0500000US13159,51250.0
467,0500000US13161,36669.0
468,0500000US13163,33944.0
469,0500000US13165,27375.0
470,0500000US13167,42446.0
471,0500000US13169,56020.0
472,0500000US13171,44846.0
473,0500000US13173,40986.0
474,0500000US13175,39120.0
475,0500000US13177,69280.0
476,0500000US13179,48007.0
477,0500000US13181,39742.0
478,0500000US13183,54605.0
479,0500000US13185,42441.0
480,0500000US13187,51790.0
481,0500000US13189,43468.0
482,0500000US13191,49504.0
483,0500000US13193,32161.0
484,0500000US13195,52500.0
485,0500000US13197,44643.0
486,0500000US13199,37121.0
487,0500000US13201,44542.0
488,0500000US13205,38116.0
489,0500000US13207,54754.0
490,0500000US13209,41996.0
491,0500000US13211,66178.0
492,0500000US13213,48033.0
493,0500000US13215,46408.0
494,0500000US13217,56316.0
495,0500000US13219,90751.0
496,0500000US13221,47120.0
497,0500000US13223,68370.0
498,0500000US13225,46636.0
499,0500000US13227,67631.0
500,0500000US13229,42804.0
501,0500000US13231,64878.0
502,0500000US13233,44891.0
503,0500000US13235,45148.0
504,0500000US13237,51606.0
505,0500000US13239,26667.0
506,0500000US13241,42500.0
507,0500000US13243,31699.0
508,0500000US13245,42728.0
509,0500000US13247,60189.0
510,0500000US13249,44448.0
511,0500000US13251,39842.0
512,0500000US13253,33357.0
513,0500000US13255,47111.0
514,0500000US13257,47164.0
515,0500000US13259,29732.0
516,0500000US13261,36681.0
517,0500000US13263,38549.0
518,0500000US13265,37446.0
519,0500000US13267,40730.0
520,0500000US13269,33832.0
521,0500000US13271,32405.0
522,0500000US13273,34768.0
523,0500000US13275,43740.0
524,0500000US13277,45639.0
525,0500000US13279,40175.0
526,0500000US13281,48219.0
527,0500000US13283,32241.0
528,0500000US13285,45649.0
529,0500000US13287,37039.0
530,0500000US13289,34879.0
531,0500000US13291,50021.0
532,0500000US13293,37640.0
533,0500000US13295,46157.0
534,0500000US13297,61599.0
535,0500000US13299,36869.0
536,0500000US13301,37203.0
537,0500000US13303,38068.0
538,0500000US13305,45483.0
539,0500000US13307,37297.0
540,0500000US13309,30192.0
541,0500000US13311,52493.0
542,0500000US13313,48623.0
543,0500000US13315,36964.0
544,0500000US13317,37838.0
545,0500000US13319,38996.0
546,0500000US13321,45398.0
547,0500000US15001,62409.0
548,0500000US15003,85857.0
549,0500000US15005,69375.0
550,0500000US15007,83554.0
551,0500000US15009,80948.0
552,0500000US16001,66293.0
553,0500000US16003,48856.0
554,0500000US16005,51734.0
555,0500000US16007,54167.0
556,0500000US16009,47556.0
557,0500000US16011,55472.0
558,0500000US16013,56694.0
559,0500000US16015,59646.0
560,0500000US16017,50256.0
561,0500000US16019,60615.0
562,0500000US16021,43423.0
563,0500000US16023,42132.0
564,0500000US16025,39688.0
565,0500000US16027,52134.0
566,0500000US16029,59053.0
567,0500000US16031,52935.0
568,0500000US16033,46154.0
569,0500000US16035,43915.0
570,0500000US16037,40875.0
571,0500000US16039,46855.0
572,0500000US16041,57215.0
573,0500000US16043,58065.0
574,0500000US16045,45492.0
575,0500000US16047,47204.0
576,0500000US16049,41516.0
577,0500000US16051,63048.0
578,0500000US16053,52921.0
579,0500000US16055,57242.0
580,0500000US16057,49158.0
581,0500000US16059,39324.0
582,0500000US16061,41198.0
583,0500000US16063,50053.0
584,0500000US16065,39160.0
585,0500000US16067,53370.0
586,0500000US16069,58107.0
587,0500000US16071,53841.0
588,0500000US16073,43798.0
589,0500000US16075,50579.0
590,0500000US16077,48823.0
591,0500000US16079,39386.0
592,0500000US16081,74216.0
593,0500000US16083,52919.0
594,0500000US16085,64475.0
595,0500000US16087,40992.0
596,0500000US17001,52993.0
597,0500000US17003,36806.0
598,0500000US17005,57289.0
599,0500000US17007,69272.0
600,0500000US17009,61655.0
601,0500000US17011,57436.0
602,0500000US17013,63009.0
603,0500000US17015,52410.0
604,0500000US17017,52373.0
605,0500000US17019,52797.0
606,0500000US17021,52834.0
607,0500000US17023,56531.0
608,0500000US17025,48500.0
609,0500000US17027,66639.0
610,0500000US17029,46202.0
611,0500000US17031,64660.0
612,0500000US17033,49779.0
613,0500000US17035,56206.0
614,0500000US17037,63317.0
615,0500000US17039,55587.0
616,0500000US17041,56714.0
617,0500000US17043,92809.0
618,0500000US17045,53647.0
619,0500000US17047,51080.0
620,0500000US17049,56685.0
621,0500000US17051,46650.0
622,0500000US17053,52092.0
623,0500000US17055,42769.0
624,0500000US17057,51643.0
625,0500000US17059,44076.0
626,0500000US17061,49885.0
627,0500000US17063,77350.0
628,0500000US17065,54046.0
629,0500000US17067,52561.0
630,0500000US17069,51250.0
631,0500000US17071,53676.0
632,0500000US17073,59933.0
633,0500000US17075,52700.0
634,0500000US17077,37241.0
635,0500000US17079,54256.0
636,0500000US17081,49896.0
637,0500000US17083,63028.0
638,0500000US17085,57946.0
639,0500000US17087,52774.0
640,0500000US17089,79394.0
641,0500000US17091,58902.0
642,0500000US17093,96563.0
643,0500000US17095,44129.0
644,0500000US17097,89427.0
645,0500000US17099,58142.0
646,0500000US17101,46636.0
647,0500000US17103,58194.0
648,0500000US17105,55160.0
649,0500000US17107,57308.0
650,0500000US17109,44471.0
651,0500000US17111,86799.0
652,0500000US17113,67675.0
653,0500000US17115,50480.0
654,0500000US17117,55159.0
655,0500000US17119,60738.0
656,0500000US17121,47519.0
657,0500000US17123,58465.0
658,0500000US17125,48417.0
659,0500000US17127,47481.0
660,0500000US17129,74684.0
661,0500000US17131,59787.0
662,0500000US17133,85747.0
663,0500000US17135,52748.0
664,0500000US17137,51437.0
665,0500000US17139,61456.0
666,0500000US17141,60986.0
667,0500000US17143,55842.0
668,0500000US17145,52428.0
669,0500000US17147,70849.0
670,0500000US17149,47492.0
671,0500000US17151,38056.0
672,0500000US17153,34640.0
673,0500000US17155,63638.0
674,0500000US17157,53816.0
675,0500000US17159,48894.0
676,0500000US17161,54858.0
677,0500000US17163,55179.0
678,0500000US17165,44090.0
679,0500000US17167,61912.0
680,0500000US17169,52357.0
681,0500000US17171,57118.0
682,0500000US17173,52953.0
683,0500000US17175,54907.0
684,0500000US17177,48805.0
685,0500000US17179,63454.0
686,0500000US17181,50625.0
687,0500000US17183,46515.0
688,0500000US17185,50770.0
689,0500000US17187,50310.0
690,0500000US17189,61763.0
691,0500000US17191,50251.0
692,0500000US17193,49290.0
693,0500000US17195,54232.0
694,0500000US17197,86961.0
695,0500000US17199,50734.0
696,0500000US17201,54489.0
697,0500000US17203,72808.0
698,0500000US18001,52504.0
699,0500000US18003,54857.0
700,0500000US18005,63431.0
701,0500000US18007,49488.0
702,0500000US18009,43505.0
703,0500000US18011,83077.0
704,0500000US18013,61030.0
705,0500000US18015,54806.0
706,0500000US18017,49415.0
707,0500000US18019,55630.0
708,0500000US18021,55637.0
709,0500000US18023,54286.0
710,0500000US18025,41662.0
711,0500000US18027,53629.0
712,0500000US18029,68658.0
713,0500000US18031,57949.0
714,0500000US18033,56421.0
715,0500000US18035,43512.0
716,0500000US18037,60666.0
717,0500000US18039,57021.0
718,0500000US18041,46175.0
719,0500000US18043,64468.0
720,0500000US18045,52874.0
721,0500000US18047,62462.0
722,0500000US18049,52034.0
723,0500000US18051,55462.0
724,0500000US18053,44356.0
725,0500000US18055,51613.0
726,0500000US18057,98173.0
727,0500000US18059,74072.0
728,0500000US18061,57712.0
729,0500000US18063,81933.0
730,0500000US18065,49832.0
731,0500000US18067,52373.0
732,0500000US18069,53632.0
733,0500000US18071,51250.0
734,0500000US18073,63892.0
735,0500000US18075,47658.0
736,0500000US18077,52718.0
737,0500000US18079,54191.0
738,0500000US18081,72440.0
739,0500000US18083,47380.0
740,0500000US18085,61366.0
741,0500000US18087,64498.0
742,0500000US18089,56128.0
743,0500000US18091,53658.0
744,0500000US18093,53610.0
745,0500000US18095,49522.0
746,0500000US18097,48316.0
747,0500000US18099,52658.0
748,0500000US18101,52726.0
749,0500000US18103,50657.0
750,0500000US18105,49839.0
751,0500000US18107,55522.0
752,0500000US18109,64335.0
753,0500000US18111,55356.0
754,0500000US18113,56789.0
755,0500000US18115,60128.0
756,0500000US18117,47917.0
757,0500000US18119,49543.0
758,0500000US18121,52618.0
759,0500000US18123,52348.0
760,0500000US18125,50194.0
761,0500000US18127,71152.0
762,0500000US18129,64196.0
763,0500000US18131,49580.0
764,0500000US18133,61047.0
765,0500000US18135,48036.0
766,0500000US18137,56332.0
767,0500000US18139,54346.0
768,0500000US18141,52769.0
769,0500000US18143,48700.0
770,0500000US18145,60404.0
771,0500000US18147,57305.0
772,0500000US18149,51190.0
773,0500000US18151,58279.0
774,0500000US18153,50245.0
775,0500000US18155,49383.0
776,0500000US18157,53130.0
777,0500000US18159,58118.0
778,0500000US18161,50375.0
779,0500000US18163,49708.0
780,0500000US18165,50243.0
781,0500000US18167,45230.0
782,0500000US18169,54259.0
783,0500000US18171,60553.0
784,0500000US18173,73482.0
785,0500000US18175,47983.0
786,0500000US18177,46516.0
787,0500000US18179,59237.0
788,0500000US18181,54576.0
789,0500000US18183,61741.0
790,0500000US19001,53363.0
791,0500000US19003,49255.0
792,0500000US19005,52216.0
793,0500000US19007,40167.0
794,0500000US19009,52055.0
795,0500000US19011,67729.0
796,0500000US19013,53539.0
797,0500000US19015,64000.0
798,0500000US19017,70395.0
799,0500000US19019,64837.0
800,0500000US19021,57125.0
801,0500000US19023,57115.0
802,0500000US19025,52323.0
803,0500000US19027,59212.0
804,0500000US19029,50187.0
805,0500000US19031,67795.0
806,0500000US19033,53963.0
807,0500000US19035,56550.0
808,0500000US19037,60034.0
809,0500000US19039,54427.0
810,0500000US19041,50521.0
811,0500000US19043,53152.0
812,0500000US19045,51688.0
813,0500000US19047,55755.0
814,0500000US19049,88479.0
815,0500000US19051,63404.0
816,0500000US19053,44462.0
817,0500000US19055,63750.0
818,0500000US19057,51267.0
819,0500000US19059,59969.0
820,0500000US19061,63031.0
821,0500000US19063,51563.0
822,0500000US19065,51128.0
823,0500000US19067,50406.0
824,0500000US19069,56419.0
825,0500000US19071,56750.0
826,0500000US19073,53050.0
827,0500000US19075,68038.0
828,0500000US19077,61161.0
829,0500000US19079,60910.0
830,0500000US19081,61761.0
831,0500000US19083,54196.0
832,0500000US19085,63854.0
833,0500000US19087,53501.0
834,0500000US19089,55060.0
835,0500000US19091,54575.0
836,0500000US19093,58427.0
837,0500000US19095,61443.0
838,0500000US19097,55967.0
839,0500000US19099,58952.0
840,0500000US19101,47708.0
841,0500000US19103,62542.0
842,0500000US19105,57549.0
843,0500000US19107,52881.0
844,0500000US19109,56073.0
845,0500000US19111,49564.0
846,0500000US19113,64903.0
847,0500000US19115,56673.0
848,0500000US19117,55205.0
849,0500000US19119,64982.0
850,0500000US19121,66316.0
851,0500000US19123,54825.0
852,0500000US19125,61038.0
853,0500000US19127,56437.0
854,0500000US19129,72079.0
855,0500000US19131,58302.0
856,0500000US19133,47605.0
857,0500000US19135,58269.0
858,0500000US19137,51696.0
859,0500000US19139,58453.0
860,0500000US19141,53703.0
861,0500000US19143,59725.0
862,0500000US19145,51867.0
863,0500000US19147,52932.0
864,0500000US19149,67297.0
865,0500000US19151,52448.0
866,0500000US19153,67637.0
867,0500000US19155,60065.0
868,0500000US19157,53852.0
869,0500000US19159,55271.0
870,0500000US19161,58232.0
871,0500000US19163,61183.0
872,0500000US19165,58000.0
873,0500000US19167,69844.0
874,0500000US19169,56756.0
875,0500000US19171,56037.0
876,0500000US19173,50431.0
877,0500000US19175,49900.0
878,0500000US19177,48591.0
879,0500000US19179,46246.0
880,0500000US19181,77048.0
881,0500000US19183,62556.0
882,0500000US19185,44768.0
883,0500000US19187,47466.0
884,0500000US19189,49870.0
885,0500000US19191,65263.0
886,0500000US19193,59224.0
887,0500000US19195,57130.0
888,0500000US19197,53333.0
889,0500000US20001,45333.0
890,0500000US20003,50213.0
891,0500000US20005,50439.0
892,0500000US20007,50174.0
893,0500000US20009,49723.0
894,0500000US20011,43917.0
895,0500000US20013,48333.0
896,0500000US20015,64782.0
897,0500000US20017,45353.0
898,0500000US20019,40298.0
899,0500000US20021,43175.0
900,0500000US20023,47639.0
901,0500000US20025,53348.0
902,0500000US20027,53929.0
903,0500000US20029,45373.0
904,0500000US20031,59583.0
905,0500000US20033,54821.0
906,0500000US20035,50102.0
907,0500000US20037,41004.0
908,0500000US20039,48125.0
909,0500000US20041,49991.0
910,0500000US20043,49703.0
911,0500000US20045,59435.0
912,0500000US20047,50902.0
913,0500000US20049,38750.0
914,0500000US20051,52883.0
915,0500000US20053,54902.0
916,0500000US20055,60798.0
917,0500000US20057,51711.0
918,0500000US20059,56582.0
919,0500000US20061,53133.0
920,0500000US20063,48317.0
921,0500000US20065,46375.0
922,0500000US20067,53413.0
923,0500000US20069,64930.0
924,0500000US20071,54112.0
925,0500000US20073,41982.0
926,0500000US20075,46944.0
927,0500000US20077,49865.0
928,0500000US20079,57982.0
929,0500000US20081,55064.0
930,0500000US20083,61211.0
931,0500000US20085,57914.0
932,0500000US20087,64864.0
933,0500000US20089,40676.0
934,0500000US20091,89087.0
935,0500000US20093,52599.0
936,0500000US20095,60469.0
937,0500000US20097,53274.0
938,0500000US20099,47643.0
939,0500000US20101,52125.0
940,0500000US20103,73013.0
941,0500000US20105,45076.0
942,0500000US20107,48778.0
943,0500000US20109,51740.0
944,0500000US20111,46338.0
945,0500000US20113,59089.0
946,0500000US20115,52123.0
947,0500000US20117,51895.0
948,0500000US20119,59316.0
949,0500000US20121,71995.0
950,0500000US20123,46203.0
951,0500000US20125,45157.0
952,0500000US20127,55658.0
953,0500000US20129,47750.0
954,0500000US20131,63216.0
955,0500000US20133,46291.0
956,0500000US20135,56492.0
957,0500000US20137,49038.0
958,0500000US20139,54090.0
959,0500000US20141,51286.0
960,0500000US20143,54784.0
961,0500000US20145,49917.0
962,0500000US20147,50093.0
963,0500000US20149,66835.0
964,0500000US20151,52327.0
965,0500000US20153,53207.0
966,0500000US20155,49936.0
967,0500000US20157,47976.0
968,0500000US20159,53012.0
969,0500000US20161,51208.0
970,0500000US20163,49415.0
971,0500000US20165,47981.0
972,0500000US20167,44792.0
973,0500000US20169,52200.0
974,0500000US20171,65417.0
975,0500000US20173,56524.0
976,0500000US20175,49291.0
977,0500000US20177,56762.0
978,0500000US20179,62885.0
979,0500000US20181,54754.0
980,0500000US20183,43429.0
981,0500000US20185,49375.0
982,0500000US20187,52054.0
983,0500000US20189,57806.0
984,0500000US20191,55000.0
985,0500000US20193,60124.0
986,0500000US20195,57966.0
987,0500000US20197,61178.0
988,0500000US20199,63269.0
989,0500000US20201,50588.0
990,0500000US20203,57978.0
991,0500000US20205,48341.0
992,0500000US20207,39643.0
993,0500000US20209,46881.0
994,0500000US21001,38021.0
995,0500000US21003,44036.0
996,0500000US21005,55334.0
997,0500000US21007,45048.0
998,0500000US21009,41459.0
999,0500000US21011,44898.0
1000,0500000US21013,26272.0
1001,0500000US21015,78327.0
1002,0500000US21017,49637.0
1003,0500000US21019,48308.0
1004,0500000US21021,46382.0
1005,0500000US21023,49158.0
1006,0500000US21025,27344.0
1007,0500000US21027,47190.0
1008,0500000US21029,63348.0
1009,0500000US21031,41763.0
1010,0500000US21033,44775.0
1011,0500000US21035,42273.0
1012,0500000US21037,63050.0
1013,0500000US21039,45109.0
1014,0500000US21041,43524.0
1015,0500000US21043,34736.0
1016,0500000US21045,34819.0
1017,0500000US21047,43919.0
1018,0500000US21049,54953.0
1019,0500000US21051,26840.0
1020,0500000US21053,32184.0
1021,0500000US21055,45244.0
1022,0500000US21057,35344.0
1023,0500000US21059,51673.0
1024,0500000US21061,43401.0
1025,0500000US21063,32306.0
1026,0500000US21065,31688.0
1027,0500000US21067,57291.0
1028,0500000US21069,44612.0
1029,0500000US21071,32730.0
1030,0500000US21073,56274.0
1031,0500000US21075,30114.0
1032,0500000US21077,52167.0
1033,0500000US21079,52631.0
1034,0500000US21081,48714.0
1035,0500000US21083,44043.0
1036,0500000US21085,38612.0
1037,0500000US21087,35899.0
1038,0500000US21089,51655.0
1039,0500000US21091,57217.0
1040,0500000US21093,54367.0
1041,0500000US21095,26478.0
1042,0500000US21097,48438.0
1043,0500000US21099,38396.0
1044,0500000US21101,48926.0
1045,0500000US21103,53926.0
1046,0500000US21105,42929.0
1047,0500000US21107,47170.0
1048,0500000US21109,32138.0
1049,0500000US21111,56586.0
1050,0500000US21113,58245.0
1051,0500000US21115,37055.0
1052,0500000US21117,64339.0
1053,0500000US21119,31198.0
1054,0500000US21121,30181.0
1055,0500000US21123,47643.0
1056,0500000US21125,41526.0
1057,0500000US21127,32798.0
1058,0500000US21129,25275.0
1059,0500000US21131,31627.0
1060,0500000US21133,29886.0
1061,0500000US21135,31147.0
1062,0500000US21137,42919.0
1063,0500000US21139,50839.0
1064,0500000US21141,48014.0
1065,0500000US21143,52528.0
1066,0500000US21145,46080.0
1067,0500000US21147,28105.0
1068,0500000US21149,51861.0
1069,0500000US21151,50060.0
1070,0500000US21153,28147.0
1071,0500000US21155,40107.0
1072,0500000US21157,55113.0
1073,0500000US21159,41013.0
1074,0500000US21161,45377.0
1075,0500000US21163,56603.0
1076,0500000US21165,39325.0
1077,0500000US21167,55093.0
1078,0500000US21169,37386.0
1079,0500000US21171,34879.0
1080,0500000US21173,45516.0
1081,0500000US21175,36134.0
1082,0500000US21177,43590.0
1083,0500000US21179,60127.0
1084,0500000US21181,38149.0
1085,0500000US21183,45564.0
1086,0500000US21185,99128.0
1087,0500000US21187,48801.0
1088,0500000US21189,30284.0
1089,0500000US21191,54375.0
1090,0500000US21193,33640.0
1091,0500000US21195,34856.0
1092,0500000US21197,37469.0
1093,0500000US21199,39998.0
1094,0500000US21201,41902.0
1095,0500000US21203,35720.0
1096,0500000US21205,38230.0
1097,0500000US21207,38390.0
1098,0500000US21209,70817.0
1099,0500000US21211,67056.0
1100,0500000US21213,48623.0
1101,0500000US21215,80166.0
1102,0500000US21217,44522.0
1103,0500000US21219,44005.0
1104,0500000US21221,50536.0
1105,0500000US21223,53056.0
1106,0500000US21225,46673.0
1107,0500000US21227,52270.0
1108,0500000US21229,53743.0
1109,0500000US21231,34914.0
1110,0500000US21233,42119.0
1111,0500000US21235,39005.0
1112,0500000US21237,24623.0
1113,0500000US21239,63820.0
1114,0500000US22001,43396.0
1115,0500000US22003,46446.0
1116,0500000US22005,80527.0
1117,0500000US22007,43759.0
1118,0500000US22009,38565.0
1119,0500000US22011,53209.0
1120,0500000US22013,30272.0
1121,0500000US22015,54268.0
1122,0500000US22017,41797.0
1123,0500000US22019,51148.0
1124,0500000US22021,37691.0
1125,0500000US22023,53423.0
1126,0500000US22025,40129.0
1127,0500000US22027,26776.0
1128,0500000US22029,32500.0
1129,0500000US22031,46006.0
1130,0500000US22033,54948.0
1131,0500000US22035,22346.0
1132,0500000US22037,51803.0
1133,0500000US22039,31965.0
1134,0500000US22041,35282.0
1135,0500000US22043,42505.0
1136,0500000US22045,46861.0
1137,0500000US22047,50161.0
1138,0500000US22049,39139.0
1139,0500000US22051,54032.0
1140,0500000US22053,42105.0
1141,0500000US22055,56999.0
1142,0500000US22057,55506.0
1143,0500000US22059,42104.0
1144,0500000US22061,35467.0
1145,0500000US22063,63389.0
1146,0500000US22065,30350.0
1147,0500000US22067,32929.0
1148,0500000US22069,28567.0
1149,0500000US22071,41604.0
1150,0500000US22073,41121.0
1151,0500000US22075,57204.0
1152,0500000US22077,41480.0
1153,0500000US22079,47269.0
1154,0500000US22081,33816.0
1155,0500000US22083,34029.0
1156,0500000US22085,40336.0
1157,0500000US22087,44661.0
1158,0500000US22089,69019.0
1159,0500000US22091,43886.0
1160,0500000US22093,51603.0
1161,0500000US22095,57429.0
1162,0500000US22097,36403.0
1163,0500000US22099,48656.0
1164,0500000US22101,40485.0
1165,0500000US22103,68905.0
1166,0500000US22105,47832.0
1167,0500000US22107,27500.0
1168,0500000US22109,48747.0
1169,0500000US22111,44100.0
1170,0500000US22113,51945.0
1171,0500000US22115,49141.0
1172,0500000US22117,37570.0
1173,0500000US22119,28951.0
1174,0500000US22121,65385.0
1175,0500000US22123,38500.0
1176,0500000US22125,59637.0
1177,0500000US22127,38353.0
1178,0500000US23001,53509.0
1179,0500000US23003,41123.0
1180,0500000US23005,73072.0
1181,0500000US23007,51422.0
1182,0500000US23009,57178.0
1183,0500000US23011,55365.0
1184,0500000US23013,57751.0
1185,0500000US23015,57720.0
1186,0500000US23017,49204.0
1187,0500000US23019,50808.0
1188,0500000US23021,40890.0
1189,0500000US23023,63694.0
1190,0500000US23025,44256.0
1191,0500000US23027,51931.0
1192,0500000US23029,41347.0
1193,0500000US23031,67830.0
1194,0500000US24001,45893.0
1195,0500000US24003,100798.0
1196,0500000US24005,76866.0
1197,0500000US24009,109313.0
1198,0500000US24011,58638.0
1199,0500000US24013,96769.0
1200,0500000US24015,76887.0
1201,0500000US24017,100003.0
1202,0500000US24019,52917.0
1203,0500000US24021,97730.0
1204,0500000US24023,52617.0
1205,0500000US24025,89147.0
1206,0500000US24027,121160.0
1207,0500000US24029,58598.0
1208,0500000US24031,108820.0
1209,0500000US24033,84920.0
1210,0500000US24035,97034.0
1211,0500000US24037,89845.0
1212,0500000US24039,37803.0
1213,0500000US24041,73547.0
1214,0500000US24043,60860.0
1215,0500000US24045,56956.0
1216,0500000US24047,63499.0
1217,0500000US24510,50379.0
1218,0500000US25001,74336.0
1219,0500000US25003,59230.0
1220,0500000US25005,69095.0
1221,0500000US25007,71811.0
1222,0500000US25009,79263.0
1223,0500000US25011,60950.0
1224,0500000US25013,55429.0
1225,0500000US25015,70876.0
1226,0500000US25017,102603.0
1227,0500000US25019,107717.0
1228,0500000US25021,103291.0
1229,0500000US25023,89489.0
1230,0500000US25025,69669.0
1231,0500000US25027,74679.0
1232,0500000US26001,40484.0
1233,0500000US26003,45570.0
1234,0500000US26005,62965.0
1235,0500000US26007,43363.0
1236,0500000US26009,56165.0
1237,0500000US26011,42290.0
1238,0500000US26013,46065.0
1239,0500000US26015,64490.0
1240,0500000US26017,48819.0
1241,0500000US26019,57974.0
1242,0500000US26021,50795.0
1243,0500000US26023,51947.0
1244,0500000US26025,48607.0
1245,0500000US26027,55107.0
1246,0500000US26029,55760.0
1247,0500000US26031,48044.0
1248,0500000US26033,46486.0
1249,0500000US26035,39565.0
1250,0500000US26037,70390.0
1251,0500000US26039,47977.0
1252,0500000US26041,47434.0
1253,0500000US26043,51645.0
1254,0500000US26045,64348.0
1255,0500000US26047,55829.0
1256,0500000US26049,48588.0
1257,0500000US26051,44619.0
1258,0500000US26053,38839.0
1259,0500000US26055,63575.0
1260,0500000US26057,47848.0
1261,0500000US26059,49622.0
1262,0500000US26061,43183.0
1263,0500000US26063,48289.0
1264,0500000US26065,52872.0
1265,0500000US26067,57043.0
1266,0500000US26069,43678.0
1267,0500000US26071,41599.0
1268,0500000US26073,45116.0
1269,0500000US26075,53658.0
1270,0500000US26077,56511.0
1271,0500000US26079,46898.0
1272,0500000US26081,63053.0
1273,0500000US26083,50292.0
1274,0500000US26085,37320.0
1275,0500000US26087,62641.0
1276,0500000US26089,65249.0
1277,0500000US26091,55450.0
1278,0500000US26093,84221.0
1279,0500000US26095,45469.0
1280,0500000US26097,47938.0
1281,0500000US26099,62855.0
1282,0500000US26101,50055.0
1283,0500000US26103,53970.0
1284,0500000US26105,51725.0
1285,0500000US26107,45018.0
1286,0500000US26109,46828.0
1287,0500000US26111,62625.0
1288,0500000US26113,47194.0
1289,0500000US26115,62203.0
1290,0500000US26117,49448.0
1291,0500000US26119,41772.0
1292,0500000US26121,50854.0
1293,0500000US26123,50326.0
1294,0500000US26125,79698.0
1295,0500000US26127,50104.0
1296,0500000US26129,40373.0
1297,0500000US26131,41546.0
1298,0500000US26133,44032.0
1299,0500000US26135,42335.0
1300,0500000US26137,54332.0
1301,0500000US26139,69314.0
1302,0500000US26141,47948.0
1303,0500000US26143,42054.0
1304,0500000US26145,48000.0
1305,0500000US26147,56951.0
1306,0500000US26149,52086.0
1307,0500000US26151,47672.0
1308,0500000US26153,45500.0
1309,0500000US26155,56032.0
1310,0500000US26157,49988.0
1311,0500000US26159,54485.0
1312,0500000US26161,72586.0
1313,0500000US26163,47301.0
1314,0500000US26165,47193.0
1315,0500000US27001,49351.0
1316,0500000US27003,82175.0
1317,0500000US27005,60284.0
1318,0500000US27007,49160.0
1319,0500000US27009,57715.0
1320,0500000US27011,53900.0
1321,0500000US27013,57429.0
1322,0500000US27015,61120.0
1323,0500000US27017,63098.0
1324,0500000US27019,101496.0
1325,0500000US27021,52204.0
1326,0500000US27023,55269.0
1327,0500000US27025,83464.0
1328,0500000US27027,65269.0
1329,0500000US27029,50386.0
1330,0500000US27031,57432.0
1331,0500000US27033,52087.0
1332,0500000US27035,56549.0
1333,0500000US27037,86036.0
1334,0500000US27039,74575.0
1335,0500000US27041,63819.0
1336,0500000US27043,53156.0
1337,0500000US27045,61207.0
1338,0500000US27047,53631.0
1339,0500000US27049,66800.0
1340,0500000US27051,55466.0
1341,0500000US27053,78167.0
1342,0500000US27055,60382.0
1343,0500000US27057,56709.0
1344,0500000US27059,74616.0
1345,0500000US27061,55139.0
1346,0500000US27063,58727.0
1347,0500000US27065,57163.0
1348,0500000US27067,60294.0
1349,0500000US27069,59643.0
1350,0500000US27071,50870.0
1351,0500000US27073,53071.0
1352,0500000US27075,61452.0
1353,0500000US27077,49967.0
1354,0500000US27079,71080.0
1355,0500000US27081,53077.0
1356,0500000US27083,57730.0
1357,0500000US27085,62121.0
1358,0500000US27087,44688.0
1359,0500000US27089,60118.0
1360,0500000US27091,52798.0
1361,0500000US27093,63452.0
1362,0500000US27095,56135.0
1363,0500000US27097,57815.0
1364,0500000US27099,54295.0
1365,0500000US27101,60231.0
1366,0500000US27103,67399.0
1367,0500000US27105,55304.0
1368,0500000US27107,55085.0
1369,0500000US27109,76951.0
1370,0500000US27111,58682.0
1371,0500000US27113,60122.0
1372,0500000US27115,53422.0
1373,0500000US27117,52917.0
1374,0500000US27119,59343.0
1375,0500000US27121,61275.0
1376,0500000US27123,64660.0
1377,0500000US27125,58576.0
1378,0500000US27127,55404.0
1379,0500000US27129,59028.0
1380,0500000US27131,68584.0
1381,0500000US27133,63005.0
1382,0500000US27135,62202.0
1383,0500000US27137,55646.0
1384,0500000US27139,102152.0
1385,0500000US27141,89250.0
1386,0500000US27143,63439.0
1387,0500000US27145,62789.0
1388,0500000US27147,64903.0
1389,0500000US27149,60559.0
1390,0500000US27151,51620.0
1391,0500000US27153,53585.0
1392,0500000US27155,51957.0
1393,0500000US27157,65226.0
1394,0500000US27159,46605.0
1395,0500000US27161,56762.0
1396,0500000US27163,96671.0
1397,0500000US27165,54065.0
1398,0500000US27167,60595.0
1399,0500000US27169,59329.0
1400,0500000US27171,84974.0
1401,0500000US27173,59210.0
1402,0500000US28001,29936.0
1403,0500000US28003,42086.0
1404,0500000US28005,33981.0
1405,0500000US28007,33767.0
1406,0500000US28009,36258.0
1407,0500000US28011,29854.0
1408,0500000US28013,37263.0
1409,0500000US28015,46052.0
1410,0500000US28017,36548.0
1411,0500000US28019,36777.0
1412,0500000US28021,29338.0
1413,0500000US28023,43207.0
1414,0500000US28025,31833.0
1415,0500000US28027,29121.0
1416,0500000US28029,42151.0
1417,0500000US28031,38178.0
1418,0500000US28033,67038.0
1419,0500000US28035,39840.0
1420,0500000US28037,40219.0
1421,0500000US28039,47292.0
1422,0500000US28041,49677.0
1423,0500000US28043,40122.0
1424,0500000US28045,48119.0
1425,0500000US28047,47894.0
1426,0500000US28049,44625.0
1427,0500000US28051,21504.0
1428,0500000US28053,28962.0
1429,0500000US28055,24208.0
1430,0500000US28057,44567.0
1431,0500000US28059,51657.0
1432,0500000US28061,35872.0
1433,0500000US28063,25019.0
1434,0500000US28065,32116.0
1435,0500000US28067,41775.0
1436,0500000US28069,31103.0
1437,0500000US28071,50272.0
1438,0500000US28073,60328.0
1439,0500000US28075,42534.0
1440,0500000US28077,41914.0
1441,0500000US28079,37096.0
1442,0500000US28081,50559.0
1443,0500000US28083,26735.0
1444,0500000US28085,42606.0
1445,0500000US28087,50441.0
1446,0500000US28089,71824.0
1447,0500000US28091,32090.0
1448,0500000US28093,42233.0
1449,0500000US28095,42354.0
1450,0500000US28097,39840.0
1451,0500000US28099,37987.0
1452,0500000US28101,35958.0
1453,0500000US28103,33784.0
1454,0500000US28105,40453.0
1455,0500000US28107,38304.0
1456,0500000US28109,46901.0
1457,0500000US28111,42469.0
1458,0500000US28113,31784.0
1459,0500000US28115,44759.0
1460,0500000US28117,39256.0
1461,0500000US28119,25283.0
1462,0500000US28121,65996.0
1463,0500000US28123,34943.0
1464,0500000US28125,29394.0
1465,0500000US28127,43850.0
1466,0500000US28129,43105.0
1467,0500000US28131,45483.0
1468,0500000US28133,30838.0
1469,0500000US28135,29864.0
1470,0500000US28137,51030.0
1471,0500000US28139,39246.0
1472,0500000US28141,37681.0
1473,0500000US28143,39370.0
1474,0500000US28145,45754.0
1475,0500000US28147,30961.0
1476,0500000US28149,45113.0
1477,0500000US28151,29705.0
1478,0500000US28153,37706.0
1479,0500000US28155,45730.0
1480,0500000US28157,27313.0
1481,0500000US28159,34724.0
1482,0500000US28161,41464.0
1483,0500000US28163,33279.0
1484,0500000US29001,41929.0
1485,0500000US29003,58772.0
1486,0500000US29005,50236.0
1487,0500000US29007,44261.0
1488,0500000US29009,44403.0
1489,0500000US29011,44125.0
1490,0500000US29013,47625.0
1491,0500000US29015,40249.0
1492,0500000US29017,44158.0
1493,0500000US29019,55328.0
1494,0500000US29021,51916.0
1495,0500000US29023,39915.0
1496,0500000US29025,49839.0
1497,0500000US29027,56938.0
1498,0500000US29029,53478.0
1499,0500000US29031,53732.0
1500,0500000US29033,50830.0
1501,0500000US29035,39530.0
1502,0500000US29037,69433.0
1503,0500000US29039,39365.0
1504,0500000US29041,46738.0
1505,0500000US29043,60645.0
1506,0500000US29045,48909.0
1507,0500000US29047,70510.0
1508,0500000US29049,62701.0
1509,0500000US29051,60066.0
1510,0500000US29053,52735.0
1511,0500000US29055,44438.0
1512,0500000US29057,40399.0
1513,0500000US29059,43542.0
1514,0500000US29061,51679.0
1515,0500000US29063,55918.0
1516,0500000US29065,42100.0
1517,0500000US29067,37425.0
1518,0500000US29069,36380.0
1519,0500000US29071,57214.0
1520,0500000US29073,54885.0
1521,0500000US29075,47790.0
1522,0500000US29077,46086.0
1523,0500000US29079,45594.0
1524,0500000US29081,42917.0
1525,0500000US29083,45795.0
1526,0500000US29085,34182.0
1527,0500000US29087,49524.0
1528,0500000US29089,52700.0
1529,0500000US29091,38357.0
1530,0500000US29093,37435.0
1531,0500000US29095,55134.0
1532,0500000US29097,48357.0
1533,0500000US29099,65454.0
1534,0500000US29101,55273.0
1535,0500000US29103,40000.0
1536,0500000US29105,47257.0
1537,0500000US29107,58766.0
1538,0500000US29109,44742.0
1539,0500000US29111,45988.0
1540,0500000US29113,64196.0
1541,0500000US29115,45930.0
1542,0500000US29117,46992.0
1543,0500000US29119,41643.0
1544,0500000US29121,42746.0
1545,0500000US29123,43636.0
1546,0500000US29125,47569.0
1547,0500000US29127,48784.0
1548,0500000US29129,47298.0
1549,0500000US29131,47171.0
1550,0500000US29133,35357.0
1551,0500000US29135,58010.0
1552,0500000US29137,43966.0
1553,0500000US29139,46757.0
1554,0500000US29141,39003.0
1555,0500000US29143,38679.0
1556,0500000US29145,50813.0
1557,0500000US29147,44232.0
1558,0500000US29149,33601.0
1559,0500000US29151,61687.0
1560,0500000US29153,31947.0
1561,0500000US29155,33859.0
1562,0500000US29157,55863.0
1563,0500000US29159,46157.0
1564,0500000US29161,44154.0
1565,0500000US29163,46385.0
1566,0500000US29165,80393.0
1567,0500000US29167,45660.0
1568,0500000US29169,53492.0
1569,0500000US29171,42849.0
1570,0500000US29173,55377.0
1571,0500000US29175,47740.0
1572,0500000US29177,61957.0
1573,0500000US29179,40324.0
1574,0500000US29181,34971.0
1575,0500000US29183,84978.0
1576,0500000US29185,38870.0
1577,0500000US29186,60129.0
1578,0500000US29187,46466.0
1579,0500000US29189,67420.0
1580,0500000US29195,44720.0
1581,0500000US29197,42694.0
1582,0500000US29199,50085.0
1583,0500000US29201,44139.0
1584,0500000US29203,34265.0
1585,0500000US29205,44083.0
1586,0500000US29207,41062.0
1587,0500000US29209,49656.0
1588,0500000US29211,46481.0
1589,0500000US29213,46031.0
1590,0500000US29215,35067.0
1591,0500000US29217,43276.0
1592,0500000US29219,60125.0
1593,0500000US29221,41483.0
1594,0500000US29223,34316.0
1595,0500000US29225,50560.0
1596,0500000US29227,53580.0
1597,0500000US29229,34776.0
1598,0500000US29510,43896.0
1599,0500000US30001,43201.0
1600,0500000US30003,49859.0
1601,0500000US30005,41279.0
1602,0500000US30007,60594.0
1603,0500000US30009,58707.0
1604,0500000US30011,48000.0
1605,0500000US30013,49913.0
1606,0500000US30015,42298.0
1607,0500000US30017,52965.0
1608,0500000US30019,57440.0
1609,0500000US30021,58596.0
1610,0500000US30023,41820.0
1611,0500000US30025,64545.0
1612,0500000US30027,50540.0
1613,0500000US30029,56182.0
1614,0500000US30031,66397.0
1615,0500000US30033,42000.0
1616,0500000US30035,36045.0
1617,0500000US30037,43875.0
1618,0500000US30039,49881.0
1619,0500000US30041,49321.0
1620,0500000US30043,69646.0
1621,0500000US30045,43661.0
1622,0500000US30047,48829.0
1623,0500000US30049,65791.0
1624,0500000US30051,44875.0
1625,0500000US30053,40140.0
1626,0500000US30055,49701.0
1627,0500000US30057,54107.0
1628,0500000US30059,46607.0
1629,0500000US30061,41705.0
1630,0500000US30063,54062.0
1631,0500000US30065,43274.0
1632,0500000US30067,53068.0
1633,0500000US30069,51250.0
1634,0500000US30071,46212.0
1635,0500000US30073,51151.0
1636,0500000US30075,54427.0
1637,0500000US30077,54667.0
1638,0500000US30079,43625.0
1639,0500000US30081,53054.0
1640,0500000US30083,67205.0
1641,0500000US30085,43194.0
1642,0500000US30087,57992.0
1643,0500000US30089,40823.0
1644,0500000US30091,55521.0
1645,0500000US30093,45718.0
1646,0500000US30095,64645.0
1647,0500000US30097,49886.0
1648,0500000US30099,55000.0
1649,0500000US30101,50721.0
1650,0500000US30103,43047.0
1651,0500000US30105,53162.0
1652,0500000US30107,39655.0
1653,0500000US30109,53958.0
1654,0500000US30111,61264.0
1655,0500000US31001,53023.0
1656,0500000US31003,49912.0
1657,0500000US31005,42813.0
1658,0500000US31007,51750.0
1659,0500000US31009,51094.0
1660,0500000US31011,54979.0
1661,0500000US31013,54004.0
1662,0500000US31015,47778.0
1663,0500000US31017,43098.0
1664,0500000US31019,59431.0
1665,0500000US31021,54203.0
1666,0500000US31023,58979.0
1667,0500000US31025,71846.0
1668,0500000US31027,61869.0
1669,0500000US31029,57009.0
1670,0500000US31031,56651.0
1671,0500000US31033,53871.0
1672,0500000US31035,57173.0
1673,0500000US31037,58872.0
1674,0500000US31039,56768.0
1675,0500000US31041,52184.0
1676,0500000US31043,59231.0
1677,0500000US31045,50750.0
1678,0500000US31047,53721.0
1679,0500000US31049,47287.0
1680,0500000US31051,56905.0
1681,0500000US31053,54085.0
1682,0500000US31055,64629.0
1683,0500000US31057,41716.0
1684,0500000US31059,60313.0
1685,0500000US31061,49282.0
1686,0500000US31063,54659.0
1687,0500000US31065,48838.0
1688,0500000US31067,53110.0
1689,0500000US31069,43750.0
1690,0500000US31071,53000.0
1691,0500000US31073,64053.0
1692,0500000US31075,46500.0
1693,0500000US31077,47869.0
1694,0500000US31079,57104.0
1695,0500000US31081,64210.0
1696,0500000US31083,49835.0
1697,0500000US31085,51726.0
1698,0500000US31087,49962.0
1699,0500000US31089,60387.0
1700,0500000US31091,41125.0
1701,0500000US31093,59348.0
1702,0500000US31095,44510.0
1703,0500000US31097,54712.0
1704,0500000US31099,60266.0
1705,0500000US31101,50735.0
1706,0500000US31103,56500.0
1707,0500000US31105,53403.0
1708,0500000US31107,52332.0
1709,0500000US31109,60527.0
1710,0500000US31111,59795.0
1711,0500000US31113,52708.0
1712,0500000US31115,51000.0
1713,0500000US31117,48125.0
1714,0500000US31119,53188.0
1715,0500000US31121,55649.0
1716,0500000US31123,46194.0
1717,0500000US31125,49032.0
1718,0500000US31127,51828.0
1719,0500000US31129,43388.0
1720,0500000US31131,59167.0
1721,0500000US31133,46452.0
1722,0500000US31135,65543.0
1723,0500000US31137,59040.0
1724,0500000US31139,64511.0
1725,0500000US31141,62305.0
1726,0500000US31143,67719.0
1727,0500000US31145,48808.0
1728,0500000US31147,47917.0
1729,0500000US31149,56250.0
1730,0500000US31151,51502.0
1731,0500000US31153,82032.0
1732,0500000US31155,68682.0
1733,0500000US31157,49745.0
1734,0500000US31159,70389.0
1735,0500000US31161,45371.0
1736,0500000US31163,50781.0
1737,0500000US31165,48269.0
1738,0500000US31167,63986.0
1739,0500000US31169,51821.0
1740,0500000US31171,59432.0
1741,0500000US31173,51034.0
1742,0500000US31175,55324.0
1743,0500000US31177,71430.0
1744,0500000US31179,56456.0
1745,0500000US31181,46188.0
1746,0500000US31183,51591.0
1747,0500000US31185,60298.0
1748,0500000US32001,57824.0
1749,0500000US32003,59340.0
1750,0500000US32005,66810.0
1751,0500000US32007,81232.0
1752,0500000US32009,37375.0
1753,0500000US32011,67105.0
1754,0500000US32013,67756.0
1755,0500000US32015,88030.0
1756,0500000US32017,58462.0
1757,0500000US32019,56875.0
1758,0500000US32021,35806.0
1759,0500000US32023,47300.0
1760,0500000US32027,50491.0
1761,0500000US32029,66292.0
1762,0500000US32031,64791.0
1763,0500000US32033,60827.0
1764,0500000US32510,55718.0
1765,0500000US33001,69447.0
1766,0500000US33003,63153.0
1767,0500000US33005,64751.0
1768,0500000US33007,47117.0
1769,0500000US33009,63389.0
1770,0500000US33011,81460.0
1771,0500000US33013,75737.0
1772,0500000US33015,93756.0
1773,0500000US33017,72960.0
1774,0500000US33019,61312.0
1775,0500000US34001,62110.0
1776,0500000US34003,101144.0
1777,0500000US34005,87416.0
1778,0500000US34007,70451.0
1779,0500000US34009,67074.0
1780,0500000US34011,54149.0
1781,0500000US34013,61510.0
1782,0500000US34015,87283.0
1783,0500000US34017,71189.0
1784,0500000US34019,115379.0
1785,0500000US34021,81057.0
1786,0500000US34023,89533.0
1787,0500000US34025,99733.0
1788,0500000US34027,115527.0
1789,0500000US34029,70909.0
1790,0500000US34031,69688.0
1791,0500000US34033,66842.0
1792,0500000US34035,113611.0
1793,0500000US34037,94520.0
1794,0500000US34039,80198.0
1795,0500000US34041,81307.0
1796,0500000US35001,53329.0
1797,0500000US35003,41910.0
1798,0500000US35005,43359.0
1799,0500000US35006,39413.0
1800,0500000US35007,36302.0
1801,0500000US35009,45092.0
1802,0500000US35011,31625.0
1803,0500000US35013,40973.0
1804,0500000US35015,65328.0
1805,0500000US35017,37843.0
1806,0500000US35019,24798.0
1807,0500000US35021,29375.0
1808,0500000US35023,42526.0
1809,0500000US35025,60546.0
1810,0500000US35027,46216.0
1811,0500000US35028,121324.0
1812,0500000US35029,29360.0
1813,0500000US35031,33834.0
1814,0500000US35033,28446.0
1815,0500000US35035,41988.0
1816,0500000US35037,29035.0
1817,0500000US35039,39952.0
1818,0500000US35041,42702.0
1819,0500000US35043,63802.0
1820,0500000US35045,50518.0
1821,0500000US35047,30946.0
1822,0500000US35049,61200.0
1823,0500000US35051,29755.0
1824,0500000US35053,42083.0
1825,0500000US35055,38329.0
1826,0500000US35057,36120.0
1827,0500000US35059,35884.0
1828,0500000US35061,48945.0
1829,0500000US36001,66252.0
1830,0500000US36003,48412.0
1831,0500000US36005,40088.0
1832,0500000US36007,52226.0
1833,0500000US36009,48703.0
1834,0500000US36011,58377.0
1835,0500000US36013,46820.0
1836,0500000US36015,54940.0
1837,0500000US36017,52002.0
1838,0500000US36019,56365.0
1839,0500000US36021,66787.0
1840,0500000US36023,56023.0
1841,0500000US36025,49544.0
1842,0500000US36027,81219.0
1843,0500000US36029,58121.0
1844,0500000US36031,56763.0
1845,0500000US36033,50407.0
1846,0500000US36035,50482.0
1847,0500000US36037,60524.0
1848,0500000US36039,53601.0
1849,0500000US36041,58675.0
1850,0500000US36043,54646.0
1851,0500000US36045,52685.0
1852,0500000US36047,60231.0
1853,0500000US36049,54524.0
1854,0500000US36051,59510.0
1855,0500000US36053,61633.0
1856,0500000US36055,60075.0
1857,0500000US36057,49462.0
1858,0500000US36059,116100.0
1859,0500000US36061,86553.0
1860,0500000US36063,55522.0
1861,0500000US36065,56027.0
1862,0500000US36067,61359.0
1863,0500000US36069,64944.0
1864,0500000US36071,79944.0
1865,0500000US36073,52620.0
1866,0500000US36075,55967.0
1867,0500000US36077,54028.0
1868,0500000US36079,104486.0
1869,0500000US36081,68666.0
1870,0500000US36083,68991.0
1871,0500000US36085,82783.0
1872,0500000US36087,93024.0
1873,0500000US36089,50940.0
1874,0500000US36091,84291.0
1875,0500000US36093,65499.0
1876,0500000US36095,57714.0
1877,0500000US36097,52327.0
1878,0500000US36099,54545.0
1879,0500000US36101,53663.0
1880,0500000US36103,101031.0
1881,0500000US36105,57426.0
1882,0500000US36107,62999.0
1883,0500000US36109,60240.0
1884,0500000US36111,64304.0
1885,0500000US36113,61024.0
1886,0500000US36115,57258.0
1887,0500000US36117,59449.0
1888,0500000US36119,96610.0
1889,0500000US36121,58052.0
1890,0500000US36123,56563.0
1891,0500000US37001,49688.0
1892,0500000US37003,48756.0
1893,0500000US37005,37830.0
1894,0500000US37007,40213.0
1895,0500000US37009,40962.0
1896,0500000US37011,40340.0
1897,0500000US37013,45212.0
1898,0500000US37015,35527.0
1899,0500000US37017,36173.0
1900,0500000US37019,58236.0
1901,0500000US37021,52207.0
1902,0500000US37023,44557.0
1903,0500000US37025,67328.0
1904,0500000US37027,44511.0
1905,0500000US37029,64572.0
1906,0500000US37031,57194.0
1907,0500000US37033,45733.0
1908,0500000US37035,52056.0
1909,0500000US37037,67031.0
1910,0500000US37039,41438.0
1911,0500000US37041,46519.0
1912,0500000US37043,42222.0
1913,0500000US37045,42247.0
1914,0500000US37047,37628.0
1915,0500000US37049,52687.0
1916,0500000US37051,46875.0
1917,0500000US37053,69964.0
1918,0500000US37055,59381.0
1919,0500000US37057,49546.0
1920,0500000US37059,60434.0
1921,0500000US37061,41764.0
1922,0500000US37063,60958.0
1923,0500000US37065,36866.0
1924,0500000US37067,51569.0
1925,0500000US37069,55193.0
1926,0500000US37071,52835.0
1927,0500000US37073,50750.0
1928,0500000US37075,39571.0
1929,0500000US37077,55856.0
1930,0500000US37079,39837.0
1931,0500000US37081,53261.0
1932,0500000US37083,35502.0
1933,0500000US37085,53554.0
1934,0500000US37087,51659.0
1935,0500000US37089,55945.0
1936,0500000US37091,41028.0
1937,0500000US37093,48072.0
1938,0500000US37095,39663.0
1939,0500000US37097,60955.0
1940,0500000US37099,47252.0
1941,0500000US37101,59865.0
1942,0500000US37103,38158.0
1943,0500000US37105,49994.0
1944,0500000US37107,39402.0
1945,0500000US37109,57536.0
1946,0500000US37111,43646.0
1947,0500000US37113,45507.0
1948,0500000US37115,45873.0
1949,0500000US37117,40090.0
1950,0500000US37119,66641.0
1951,0500000US37121,46103.0
1952,0500000US37123,44146.0
1953,0500000US37125,59963.0
1954,0500000US37127,49537.0
1955,0500000US37129,54891.0
1956,0500000US37131,37146.0
1957,0500000US37133,50278.0
1958,0500000US37135,71723.0
1959,0500000US37137,46728.0
1960,0500000US37139,50558.0
1961,0500000US37141,57240.0
1962,0500000US37143,47162.0
1963,0500000US37145,51020.0
1964,0500000US37147,47437.0
1965,0500000US37149,48787.0
1966,0500000US37151,47288.0
1967,0500000US37153,36148.0
1968,0500000US37155,34976.0
1969,0500000US37157,43579.0
1970,0500000US37159,49842.0
1971,0500000US37161,42608.0
1972,0500000US37163,42151.0
1973,0500000US37165,37238.0
1974,0500000US37167,52623.0
1975,0500000US37169,48054.0
1976,0500000US37171,43597.0
1977,0500000US37173,39317.0
1978,0500000US37175,50212.0
1979,0500000US37177,35300.0
1980,0500000US37179,80033.0
1981,0500000US37181,40529.0
1982,0500000US37183,80591.0
1983,0500000US37185,36466.0
1984,0500000US37187,35979.0
1985,0500000US37189,47526.0
1986,0500000US37191,44416.0
1987,0500000US37193,44107.0
1988,0500000US37195,43877.0
1989,0500000US37197,44682.0
1990,0500000US37199,42222.0
1991,0500000US38001,56681.0
1992,0500000US38003,58365.0
1993,0500000US38005,47667.0
1994,0500000US38007,75208.0
1995,0500000US38009,60381.0
1996,0500000US38011,62442.0
1997,0500000US38013,77232.0
1998,0500000US38015,71524.0
1999,0500000US38017,64482.0
2000,0500000US38019,64798.0
2001,0500000US38021,65492.0
2002,0500000US38023,62865.0
2003,0500000US38025,76719.0
2004,0500000US38027,54868.0
2005,0500000US38029,55902.0
2006,0500000US38031,61425.0
2007,0500000US38033,58690.0
2008,0500000US38035,54051.0
2009,0500000US38037,50938.0
2010,0500000US38039,53565.0
2011,0500000US38041,60164.0
2012,0500000US38043,54643.0
2013,0500000US38045,60806.0
2014,0500000US38047,59375.0
2015,0500000US38049,64179.0
2016,0500000US38051,52587.0
2017,0500000US38053,77845.0
2018,0500000US38055,68529.0
2019,0500000US38057,82181.0
2020,0500000US38059,70556.0
2021,0500000US38061,72147.0
2022,0500000US38063,52039.0
2023,0500000US38065,78929.0
2024,0500000US38067,64549.0
2025,0500000US38069,55660.0
2026,0500000US38071,58910.0
2027,0500000US38073,63903.0
2028,0500000US38075,73182.0
2029,0500000US38077,61371.0
2030,0500000US38079,43158.0
2031,0500000US38081,63073.0
2032,0500000US38083,51055.0
2033,0500000US38085,38939.0
2034,0500000US38087,63611.0
2035,0500000US38089,72045.0
2036,0500000US38091,70724.0
2037,0500000US38093,57674.0
2038,0500000US38095,52300.0
2039,0500000US38097,64453.0
2040,0500000US38099,55700.0
2041,0500000US38101,68871.0
2042,0500000US38103,57582.0
2043,0500000US38105,87161.0
2044,0500000US39001,39079.0
2045,0500000US39003,53131.0
2046,0500000US39005,52823.0
2047,0500000US39007,46700.0
2048,0500000US39009,40905.0
2049,0500000US39011,64074.0
2050,0500000US39013,50904.0
2051,0500000US39015,54575.0
2052,0500000US39017,66117.0
2053,0500000US39019,55267.0
2054,0500000US39021,60112.0
2055,0500000US39023,50873.0
2056,0500000US39025,66968.0
2057,0500000US39027,52815.0
2058,0500000US39029,48345.0
2059,0500000US39031,46606.0
2060,0500000US39033,44971.0
2061,0500000US39035,50366.0
2062,0500000US39037,55620.0
2063,0500000US39039,59931.0
2064,0500000US39041,106908.0
2065,0500000US39043,54226.0
2066,0500000US39045,67609.0
2067,0500000US39047,47308.0
2068,0500000US39049,61305.0
2069,0500000US39051,63092.0
2070,0500000US39053,44858.0
2071,0500000US39055,82303.0
2072,0500000US39057,68720.0
2073,0500000US39059,45917.0
2074,0500000US39061,57212.0
2075,0500000US39063,58450.0
2076,0500000US39065,50506.0
2077,0500000US39067,49689.0
2078,0500000US39069,59695.0
2079,0500000US39071,44169.0
2080,0500000US39073,52363.0
2081,0500000US39075,63753.0
2082,0500000US39077,52560.0
2083,0500000US39079,47550.0
2084,0500000US39081,46581.0
2085,0500000US39083,57749.0
2086,0500000US39085,64466.0
2087,0500000US39087,45118.0
2088,0500000US39089,64589.0
2089,0500000US39091,56754.0
2090,0500000US39093,58427.0
2091,0500000US39095,48736.0
2092,0500000US39097,68022.0
2093,0500000US39099,46042.0
2094,0500000US39101,47498.0
2095,0500000US39103,76600.0
2096,0500000US39105,44899.0
2097,0500000US39107,62952.0
2098,0500000US39109,61041.0
2099,0500000US39111,45289.0
2100,0500000US39113,51542.0
2101,0500000US39115,42341.0
2102,0500000US39117,59452.0
2103,0500000US39119,47254.0
2104,0500000US39121,46897.0
2105,0500000US39123,59099.0
2106,0500000US39125,55330.0
2107,0500000US39127,50150.0
2108,0500000US39129,63633.0
2109,0500000US39131,42832.0
2110,0500000US39133,57618.0
2111,0500000US39135,58957.0
2112,0500000US39137,64822.0
2113,0500000US39139,49547.0
2114,0500000US39141,51092.0
2115,0500000US39143,54089.0
2116,0500000US39145,41330.0
2117,0500000US39147,52500.0
2118,0500000US39149,63806.0
2119,0500000US39151,53860.0
2120,0500000US39153,57181.0
2121,0500000US39155,47280.0
2122,0500000US39157,53243.0
2123,0500000US39159,86715.0
2124,0500000US39161,54254.0
2125,0500000US39163,45673.0
2126,0500000US39165,87125.0
2127,0500000US39167,50021.0
2128,0500000US39169,58300.0
2129,0500000US39171,53183.0
2130,0500000US39173,62390.0
2131,0500000US39175,55767.0
2132,0500000US40001,34695.0
2133,0500000US40003,61852.0
2134,0500000US40005,39316.0
2135,0500000US40007,52349.0
2136,0500000US40009,50721.0
2137,0500000US40011,45792.0
2138,0500000US40013,44212.0
2139,0500000US40015,46592.0
2140,0500000US40017,72056.0
2141,0500000US40019,51419.0
2142,0500000US40021,42774.0
2143,0500000US40023,34489.0
2144,0500000US40025,46328.0
2145,0500000US40027,64016.0
2146,0500000US40029,40938.0
2147,0500000US40031,52161.0
2148,0500000US40033,50885.0
2149,0500000US40035,43329.0
2150,0500000US40037,51318.0
2151,0500000US40039,49900.0
2152,0500000US40041,41696.0
2153,0500000US40043,52428.0
2154,0500000US40045,53245.0
2155,0500000US40047,54006.0
2156,0500000US40049,47125.0
2157,0500000US40051,60875.0
2158,0500000US40053,57727.0
2159,0500000US40055,41488.0
2160,0500000US40057,48344.0
2161,0500000US40059,46154.0
2162,0500000US40061,42348.0
2163,0500000US40063,39365.0
2164,0500000US40065,49703.0
2165,0500000US40067,39895.0
2166,0500000US40069,41332.0
2167,0500000US40071,46809.0
2168,0500000US40073,57777.0
2169,0500000US40075,38019.0
2170,0500000US40077,44214.0
2171,0500000US40079,40677.0
2172,0500000US40081,50671.0
2173,0500000US40083,65357.0
2174,0500000US40085,49399.0
2175,0500000US40087,67662.0
2176,0500000US40089,37061.0
2177,0500000US40091,39084.0
2178,0500000US40093,54332.0
2179,0500000US40095,45746.0
2180,0500000US40097,50345.0
2181,0500000US40099,52478.0
2182,0500000US40101,43078.0
2183,0500000US40103,56117.0
2184,0500000US40105,43145.0
2185,0500000US40107,38411.0
2186,0500000US40109,54520.0
2187,0500000US40111,42998.0
2188,0500000US40113,49103.0
2189,0500000US40115,39872.0
2190,0500000US40117,48009.0
2191,0500000US40119,41603.0
2192,0500000US40121,46784.0
2193,0500000US40123,50392.0
2194,0500000US40125,49250.0
2195,0500000US40127,37692.0
2196,0500000US40129,51302.0
2197,0500000US40131,65434.0
2198,0500000US40133,39373.0
2199,0500000US40135,40351.0
2200,0500000US40137,47214.0
2201,0500000US40139,52282.0
2202,0500000US40141,42280.0
2203,0500000US40143,55517.0
2204,0500000US40145,62795.0
2205,0500000US40147,54997.0
2206,0500000US40149,53274.0
2207,0500000US40151,54282.0
2208,0500000US40153,60147.0
2209,0500000US41001,45998.0
2210,0500000US41003,62077.0
2211,0500000US41005,80484.0
2212,0500000US41007,54886.0
2213,0500000US41009,62257.0
2214,0500000US41011,45051.0
2215,0500000US41013,49006.0
2216,0500000US41015,48440.0
2217,0500000US41017,67043.0
2218,0500000US41019,47267.0
2219,0500000US41021,47500.0
2220,0500000US41023,44712.0
2221,0500000US41025,40735.0
2222,0500000US41027,65679.0
2223,0500000US41029,53412.0
2224,0500000US41031,53277.0
2225,0500000US41033,45616.0
2226,0500000US41035,46491.0
2227,0500000US41037,37898.0
2228,0500000US41039,52426.0
2229,0500000US41041,47882.0
2230,0500000US41043,55893.0
2231,0500000US41045,43313.0
2232,0500000US41047,59625.0
2233,0500000US41049,54269.0
2234,0500000US41051,69176.0
2235,0500000US41053,62691.0
2236,0500000US41055,51071.0
2237,0500000US41057,49895.0
2238,0500000US41059,54699.0
2239,0500000US41061,52171.0
2240,0500000US41063,51224.0
2241,0500000US41065,53105.0
2242,0500000US41067,82215.0
2243,0500000US41069,40926.0
2244,0500000US41071,63902.0
2245,0500000US42001,67253.0
2246,0500000US42003,61043.0
2247,0500000US42005,51410.0
2248,0500000US42007,57807.0
2249,0500000US42009,50509.0
2250,0500000US42011,63728.0
2251,0500000US42013,49181.0
2252,0500000US42015,52358.0
2253,0500000US42017,89139.0
2254,0500000US42019,70668.0
2255,0500000US42021,46659.0
2256,0500000US42023,41165.0
2257,0500000US42025,57006.0
2258,0500000US42027,60403.0
2259,0500000US42029,100214.0
2260,0500000US42031,46680.0
2261,0500000US42033,49015.0
2262,0500000US42035,50923.0
2263,0500000US42037,50550.0
2264,0500000US42039,50304.0
2265,0500000US42041,71269.0
2266,0500000US42043,60715.0
2267,0500000US42045,74477.0
2268,0500000US42047,53440.0
2269,0500000US42049,51529.0
2270,0500000US42051,47364.0
2271,0500000US42053,39717.0
2272,0500000US42055,63379.0
2273,0500000US42057,53476.0
2274,0500000US42059,54776.0
2275,0500000US42061,51678.0
2276,0500000US42063,49320.0
2277,0500000US42065,47603.0
2278,0500000US42067,53879.0
2279,0500000US42069,52821.0
2280,0500000US42071,66056.0
2281,0500000US42073,50204.0
2282,0500000US42075,60281.0
2283,0500000US42077,63897.0
2284,0500000US42079,53473.0
2285,0500000US42081,54241.0
2286,0500000US42083,48647.0
2287,0500000US42085,50696.0
2288,0500000US42087,50219.0
2289,0500000US42089,63934.0
2290,0500000US42091,91546.0
2291,0500000US42093,58333.0
2292,0500000US42095,70471.0
2293,0500000US42097,48671.0
2294,0500000US42099,63718.0
2295,0500000US42101,45927.0
2296,0500000US42103,65928.0
2297,0500000US42105,45419.0
2298,0500000US42107,52280.0
2299,0500000US42109,58997.0
2300,0500000US42111,49089.0
2301,0500000US42113,47407.0
2302,0500000US42115,54966.0
2303,0500000US42117,51324.0
2304,0500000US42119,59399.0
2305,0500000US42121,49945.0
2306,0500000US42123,50250.0
2307,0500000US42125,63543.0
2308,0500000US42127,56096.0
2309,0500000US42129,60471.0
2310,0500000US42131,59415.0
2311,0500000US42133,66457.0
2312,0500000US44001,83092.0
2313,0500000US44003,73521.0
2314,0500000US44005,79454.0
2315,0500000US44007,58974.0
2316,0500000US44009,85531.0
2317,0500000US45001,38741.0
2318,0500000US45003,51399.0
2319,0500000US45005,27185.0
2320,0500000US45007,50865.0
2321,0500000US45009,31422.0
2322,0500000US45011,35803.0
2323,0500000US45013,68377.0
2324,0500000US45015,63309.0
2325,0500000US45017,46339.0
2326,0500000US45019,64022.0
2327,0500000US45021,36883.0
2328,0500000US45023,42442.0
2329,0500000US45025,41505.0
2330,0500000US45027,40900.0
2331,0500000US45029,36324.0
2332,0500000US45031,38448.0
2333,0500000US45033,30812.0
2334,0500000US45035,63080.0
2335,0500000US45037,49127.0
2336,0500000US45039,38213.0
2337,0500000US45041,47058.0
2338,0500000US45043,48456.0
2339,0500000US45045,60351.0
2340,0500000US45047,42336.0
2341,0500000US45049,33429.0
2342,0500000US45051,50704.0
2343,0500000US45053,45601.0
2344,0500000US45055,51479.0
2345,0500000US45057,58849.0
2346,0500000US45059,43304.0
2347,0500000US45061,32371.0
2348,0500000US45063,61173.0
2349,0500000US45065,43633.0
2350,0500000US45067,32063.0
2351,0500000US45069,33586.0
2352,0500000US45071,44226.0
2353,0500000US45073,49134.0
2354,0500000US45075,37955.0
2355,0500000US45077,49573.0
2356,0500000US45079,54767.0
2357,0500000US45081,45714.0
2358,0500000US45083,52332.0
2359,0500000US45085,45661.0
2360,0500000US45087,41186.0
2361,0500000US45089,32485.0
2362,0500000US45091,65361.0
2363,0500000US46003,64083.0
2364,0500000US46005,52313.0
2365,0500000US46007,47500.0
2366,0500000US46009,54737.0
2367,0500000US46011,58136.0
2368,0500000US46013,58216.0
2369,0500000US46015,57196.0
2370,0500000US46017,34808.0
2371,0500000US46019,46508.0
2372,0500000US46021,54449.0
2373,0500000US46023,50481.0
2374,0500000US46025,48980.0
2375,0500000US46027,50724.0
2376,0500000US46029,56376.0
2377,0500000US46031,35759.0
2378,0500000US46033,58522.0
2379,0500000US46035,50570.0
2380,0500000US46037,46679.0
2381,0500000US46039,65437.0
2382,0500000US46041,47475.0
2383,0500000US46043,58684.0
2384,0500000US46045,71324.0
2385,0500000US46047,50588.0
2386,0500000US46049,55096.0
2387,0500000US46051,58158.0
2388,0500000US46053,43438.0
2389,0500000US46055,42250.0
2390,0500000US46057,67105.0
2391,0500000US46059,54155.0
2392,0500000US46061,64696.0
2393,0500000US46063,59655.0
2394,0500000US46065,64783.0
2395,0500000US46067,57089.0
2396,0500000US46069,57788.0
2397,0500000US46071,33295.0
2398,0500000US46073,49632.0
2399,0500000US46075,46149.0
2400,0500000US46077,61699.0
2401,0500000US46079,61846.0
2402,0500000US46081,52641.0
2403,0500000US46083,82473.0
2404,0500000US46085,53862.0
2405,0500000US46087,61507.0
2406,0500000US46089,44574.0
2407,0500000US46091,63723.0
2408,0500000US46093,60578.0
2409,0500000US46095,30650.0
2410,0500000US46097,52910.0
2411,0500000US46099,61772.0
2412,0500000US46101,61538.0
2413,0500000US46102,31997.0
2414,0500000US46103,57039.0
2415,0500000US46105,57981.0
2416,0500000US46107,54583.0
2417,0500000US46109,50348.0
2418,0500000US46111,56875.0
2419,0500000US46115,54423.0
2420,0500000US46117,71382.0
2421,0500000US46119,62153.0
2422,0500000US46121,24331.0
2423,0500000US46123,57720.0
2424,0500000US46125,59242.0
2425,0500000US46127,70378.0
2426,0500000US46129,55583.0
2427,0500000US46135,58342.0
2428,0500000US46137,37400.0
2429,0500000US47001,50392.0
2430,0500000US47003,50415.0
2431,0500000US47005,37512.0
2432,0500000US47007,44122.0
2433,0500000US47009,56667.0
2434,0500000US47011,51331.0
2435,0500000US47013,39803.0
2436,0500000US47015,55330.0
2437,0500000US47017,42637.0
2438,0500000US47019,38092.0
2439,0500000US47021,61913.0
2440,0500000US47023,51946.0
2441,0500000US47025,36835.0
2442,0500000US47027,32167.0
2443,0500000US47029,36716.0
2444,0500000US47031,50351.0
2445,0500000US47033,44717.0
2446,0500000US47035,45958.0
2447,0500000US47037,60388.0
2448,0500000US47039,42031.0
2449,0500000US47041,45511.0
2450,0500000US47043,53076.0
2451,0500000US47045,44185.0
2452,0500000US47047,60711.0
2453,0500000US47049,36520.0
2454,0500000US47051,51585.0
2455,0500000US47053,43171.0
2456,0500000US47055,49614.0
2457,0500000US47057,44064.0
2458,0500000US47059,42595.0
2459,0500000US47061,40516.0
2460,0500000US47063,43619.0
2461,0500000US47065,55070.0
2462,0500000US47067,30136.0
2463,0500000US47069,40304.0
2464,0500000US47071,40682.0
2465,0500000US47073,41924.0
2466,0500000US47075,37905.0
2467,0500000US47077,43305.0
2468,0500000US47079,40502.0
2469,0500000US47081,43596.0
2470,0500000US47083,42711.0
2471,0500000US47085,45667.0
2472,0500000US47087,35207.0
2473,0500000US47089,49139.0
2474,0500000US47091,36004.0
2475,0500000US47093,57470.0
2476,0500000US47095,35191.0
2477,0500000US47097,39896.0
2478,0500000US47099,43614.0
2479,0500000US47101,37277.0
2480,0500000US47103,49485.0
2481,0500000US47105,58065.0
2482,0500000US47107,43285.0
2483,0500000US47109,39161.0
2484,0500000US47111,37430.0
2485,0500000US47113,48161.0
2486,0500000US47115,49432.0
2487,0500000US47117,53197.0
2488,0500000US47119,57170.0
2489,0500000US47121,49167.0
2490,0500000US47123,42429.0
2491,0500000US47125,57541.0
2492,0500000US47127,57708.0
2493,0500000US47129,41333.0
2494,0500000US47131,39615.0
2495,0500000US47133,37197.0
2496,0500000US47135,41034.0
2497,0500000US47137,39554.0
2498,0500000US47139,43306.0
2499,0500000US47141,44259.0
2500,0500000US47143,42206.0
2501,0500000US47145,53367.0
2502,0500000US47147,63307.0
2503,0500000US47149,67429.0
2504,0500000US47151,38864.0
2505,0500000US47153,49370.0
2506,0500000US47155,49610.0
2507,0500000US47157,51657.0
2508,0500000US47159,48068.0
2509,0500000US47161,45809.0
2510,0500000US47163,46684.0
2511,0500000US47165,67204.0
2512,0500000US47167,61291.0
2513,0500000US47169,56321.0
2514,0500000US47171,41890.0
2515,0500000US47173,44671.0
2516,0500000US47175,42724.0
2517,0500000US47177,41125.0
2518,0500000US47179,48334.0
2519,0500000US47181,41427.0
2520,0500000US47183,39937.0
2521,0500000US47185,41998.0
2522,0500000US47187,112962.0
2523,0500000US47189,75991.0
2524,0500000US48001,43455.0
2525,0500000US48003,76158.0
2526,0500000US48005,50453.0
2527,0500000US48007,45137.0
2528,0500000US48009,63835.0
2529,0500000US48011,72500.0
2530,0500000US48013,55366.0
2531,0500000US48015,66206.0
2532,0500000US48017,52273.0
2533,0500000US48019,58661.0
2534,0500000US48021,64597.0
2535,0500000US48023,40739.0
2536,0500000US48025,44578.0
2537,0500000US48027,54884.0
2538,0500000US48029,57157.0
2539,0500000US48031,66390.0
2540,0500000US48033,72188.0
2541,0500000US48035,52148.0
2542,0500000US48037,50164.0
2543,0500000US48039,81447.0
2544,0500000US48041,49181.0
2545,0500000US48043,47080.0
2546,0500000US48045,40227.0
2547,0500000US48047,28333.0
2548,0500000US48049,48365.0
2549,0500000US48051,57731.0
2550,0500000US48053,59492.0
2551,0500000US48055,54152.0
2552,0500000US48057,58776.0
2553,0500000US48059,48651.0
2554,0500000US48061,38758.0
2555,0500000US48063,48207.0
2556,0500000US48065,74872.0
2557,0500000US48067,44848.0
2558,0500000US48069,50142.0
2559,0500000US48071,91141.0
2560,0500000US48073,48186.0
2561,0500000US48075,43181.0
2562,0500000US48077,55989.0
2563,0500000US48079,40962.0
2564,0500000US48081,45000.0
2565,0500000US48083,46743.0
2566,0500000US48085,96913.0
2567,0500000US48087,39120.0
2568,0500000US48089,52559.0
2569,0500000US48091,79936.0
2570,0500000US48093,53516.0
2571,0500000US48095,47500.0
2572,0500000US48097,60202.0
2573,0500000US48099,52893.0
2574,0500000US48101,32305.0
2575,0500000US48103,65969.0
2576,0500000US48105,47386.0
2577,0500000US48107,40759.0
2578,0500000US48109,37900.0
2579,0500000US48111,58811.0
2580,0500000US48113,59607.0
2581,0500000US48115,43239.0
2582,0500000US48117,49701.0
2583,0500000US48119,51038.0
2584,0500000US48121,86913.0
2585,0500000US48123,55357.0
2586,0500000US48125,42540.0
2587,0500000US48127,27161.0
2588,0500000US48129,42961.0
2589,0500000US48131,41186.0
2590,0500000US48133,37276.0
2591,0500000US48135,62973.0
2592,0500000US48137,40766.0
2593,0500000US48139,76871.0
2594,0500000US48141,46871.0
2595,0500000US48143,52742.0
2596,0500000US48145,39497.0
2597,0500000US48147,54648.0
2598,0500000US48149,60189.0
2599,0500000US48151,46146.0
2600,0500000US48153,50580.0
2601,0500000US48155,43625.0
2602,0500000US48157,97743.0
2603,0500000US48159,53783.0
2604,0500000US48161,49471.0
2605,0500000US48163,46729.0
2606,0500000US48165,63054.0
2607,0500000US48167,73330.0
2608,0500000US48169,49627.0
2609,0500000US48171,59155.0
2610,0500000US48173,78456.0
2611,0500000US48175,60690.0
2612,0500000US48177,53577.0
2613,0500000US48179,47952.0
2614,0500000US48181,54815.0
2615,0500000US48183,50180.0
2616,0500000US48185,52913.0
2617,0500000US48187,74496.0
2618,0500000US48189,48384.0
2619,0500000US48191,34673.0
2620,0500000US48193,50825.0
2621,0500000US48195,38000.0
2622,0500000US48197,41859.0
2623,0500000US48199,60339.0
2624,0500000US48201,61705.0
2625,0500000US48203,52220.0
2626,0500000US48205,58298.0
2627,0500000US48207,40313.0
2628,0500000US48209,68717.0
2629,0500000US48211,70625.0
2630,0500000US48213,47355.0
2631,0500000US48215,40014.0
2632,0500000US48217,53307.0
2633,0500000US48219,48248.0
2634,0500000US48221,64041.0
2635,0500000US48223,52078.0
2636,0500000US48225,37904.0
2637,0500000US48227,54208.0
2638,0500000US48229,31677.0
2639,0500000US48231,54959.0
2640,0500000US48233,52524.0
2641,0500000US48235,47500.0
2642,0500000US48237,52045.0
2643,0500000US48239,62806.0
2644,0500000US48241,44370.0
2645,0500000US48243,53088.0
2646,0500000US48245,51248.0
2647,0500000US48247,33382.0
2648,0500000US48249,41505.0
2649,0500000US48251,64359.0
2650,0500000US48253,50344.0
2651,0500000US48255,56127.0
2652,0500000US48257,70107.0
2653,0500000US48259,84747.0
2654,0500000US48261,38021.0
2655,0500000US48263,44688.0
2656,0500000US48265,55990.0
2657,0500000US48267,43328.0
2658,0500000US48269,52083.0
2659,0500000US48271,26738.0
2660,0500000US48273,43730.0
2661,0500000US48275,48798.0
2662,0500000US48277,45117.0
2663,0500000US48279,45111.0
2664,0500000US48281,60772.0
2665,0500000US48283,50151.0
2666,0500000US48285,54403.0
2667,0500000US48287,54744.0
2668,0500000US48289,43045.0
2669,0500000US48291,51494.0
2670,0500000US48293,44418.0
2671,0500000US48295,59091.0
2672,0500000US48297,53848.0
2673,0500000US48299,53411.0
2674,0500000US48301,83750.0
2675,0500000US48303,52429.0
2676,0500000US48305,43382.0
2677,0500000US48307,47707.0
2678,0500000US48309,49778.0
2679,0500000US48311,62000.0
2680,0500000US48313,52664.0
2681,0500000US48315,37662.0
2682,0500000US48317,66610.0
2683,0500000US48319,42276.0
2684,0500000US48321,48913.0
2685,0500000US48323,39625.0
2686,0500000US48325,62599.0
2687,0500000US48327,36395.0
2688,0500000US48329,79421.0
2689,0500000US48331,47902.0
2690,0500000US48333,49306.0
2691,0500000US48335,51492.0
2692,0500000US48337,51765.0
2693,0500000US48339,80902.0
2694,0500000US48341,54871.0
2695,0500000US48343,41359.0
2696,0500000US48345,43859.0
2697,0500000US48347,44847.0
2698,0500000US48349,48529.0
2699,0500000US48351,40101.0
2700,0500000US48353,45537.0
2701,0500000US48355,55919.0
2702,0500000US48357,50464.0
2703,0500000US48359,64545.0
2704,0500000US48361,59399.0
2705,0500000US48363,50154.0
2706,0500000US48365,52982.0
2707,0500000US48367,77503.0
2708,0500000US48369,55359.0
2709,0500000US48371,52397.0
2710,0500000US48373,49279.0
2711,0500000US48375,42528.0
2712,0500000US48377,25098.0
2713,0500000US48379,51579.0
2714,0500000US48381,68261.0
2715,0500000US48383,74868.0
2716,0500000US48385,35862.0
2717,0500000US48387,39142.0
2718,0500000US48389,53311.0
2719,0500000US48391,50076.0
2720,0500000US48393,68750.0
2721,0500000US48395,52928.0
2722,0500000US48397,100920.0
2723,0500000US48399,44940.0
2724,0500000US48401,55234.0
2725,0500000US48403,34992.0
2726,0500000US48405,40353.0
2727,0500000US48407,41614.0
2728,0500000US48409,56556.0
2729,0500000US48411,45083.0
2730,0500000US48413,53229.0
2731,0500000US48415,54326.0
2732,0500000US48417,46935.0
2733,0500000US48419,42522.0
2734,0500000US48421,51926.0
2735,0500000US48423,56810.0
2736,0500000US48425,60632.0
2737,0500000US48427,30387.0
2738,0500000US48429,46232.0
2739,0500000US48431,59868.0
2740,0500000US48433,51250.0
2741,0500000US48435,54306.0
2742,0500000US48437,39771.0
2743,0500000US48439,67700.0
2744,0500000US48441,53143.0
2745,0500000US48443,43208.0
2746,0500000US48445,44627.0
2747,0500000US48447,40000.0
2748,0500000US48449,50196.0
2749,0500000US48451,53903.0
2750,0500000US48453,75887.0
2751,0500000US48455,41357.0
2752,0500000US48457,44497.0
2753,0500000US48459,52162.0
2754,0500000US48461,52171.0
2755,0500000US48463,41679.0
2756,0500000US48465,46147.0
2757,0500000US48467,54654.0
2758,0500000US48469,56834.0
2759,0500000US48471,43742.0
2760,0500000US48473,59642.0
2761,0500000US48475,62986.0
2762,0500000US48477,54971.0
2763,0500000US48479,46475.0
2764,0500000US48481,48310.0
2765,0500000US48483,49315.0
2766,0500000US48485,48650.0
2767,0500000US48487,45302.0
2768,0500000US48489,35521.0
2769,0500000US48491,87337.0
2770,0500000US48493,76692.0
2771,0500000US48495,60366.0
2772,0500000US48497,64536.0
2773,0500000US48499,53394.0
2774,0500000US48501,70005.0
2775,0500000US48503,50635.0
2776,0500000US48505,33952.0
2777,0500000US48507,34459.0
2778,0500000US49001,55221.0
2779,0500000US49003,62233.0
2780,0500000US49005,59038.0
2781,0500000US49007,51158.0
2782,0500000US49009,75417.0
2783,0500000US49011,83310.0
2784,0500000US49013,63224.0
2785,0500000US49015,55554.0
2786,0500000US49017,54565.0
2787,0500000US49019,51557.0
2788,0500000US49021,51807.0
2789,0500000US49023,61463.0
2790,0500000US49025,47044.0
2791,0500000US49027,62242.0
2792,0500000US49029,91341.0
2793,0500000US49031,42813.0
2794,0500000US49033,57902.0
2795,0500000US49035,74865.0
2796,0500000US49037,45394.0
2797,0500000US49039,53838.0
2798,0500000US49041,54799.0
2799,0500000US49043,102958.0
2800,0500000US49045,74562.0
2801,0500000US49047,65264.0
2802,0500000US49049,74665.0
2803,0500000US49051,85166.0
2804,0500000US49053,59839.0
2805,0500000US49055,44245.0
2806,0500000US49057,67244.0
2807,0500000US50001,68825.0
2808,0500000US50003,56183.0
2809,0500000US50005,50563.0
2810,0500000US50007,73647.0
2811,0500000US50009,44349.0
2812,0500000US50011,65485.0
2813,0500000US50013,71587.0
2814,0500000US50015,64003.0
2815,0500000US50017,60925.0
2816,0500000US50019,49168.0
2817,0500000US50021,56139.0
2818,0500000US50023,62791.0
2819,0500000US50025,51985.0
2820,0500000US50027,60987.0
2821,0500000US51001,46073.0
2822,0500000US51003,79880.0
2823,0500000US51005,47673.0
2824,0500000US51007,57946.0
2825,0500000US51009,52888.0
2826,0500000US51011,58696.0
2827,0500000US51013,120071.0
2828,0500000US51015,62711.0
2829,0500000US51017,49738.0
2830,0500000US51019,64199.0
2831,0500000US51021,48531.0
2832,0500000US51023,71110.0
2833,0500000US51025,44434.0
2834,0500000US51027,31956.0
2835,0500000US51029,49025.0
2836,0500000US51031,49664.0
2837,0500000US51033,65103.0
2838,0500000US51035,44835.0
2839,0500000US51036,57198.0
2840,0500000US51037,40573.0
2841,0500000US51041,82599.0
2842,0500000US51043,80026.0
2843,0500000US51045,55708.0
2844,0500000US51047,77935.0
2845,0500000US51049,47469.0
2846,0500000US51051,29932.0
2847,0500000US51053,60346.0
2848,0500000US51057,51954.0
2849,0500000US51059,124831.0
2850,0500000US51061,100783.0
2851,0500000US51063,51521.0
2852,0500000US51065,76873.0
2853,0500000US51067,56254.0
2854,0500000US51069,78002.0
2855,0500000US51071,54520.0
2856,0500000US51073,70537.0
2857,0500000US51075,93994.0
2858,0500000US51077,36544.0
2859,0500000US51079,67398.0
2860,0500000US51081,50300.0
2861,0500000US51083,42669.0
2862,0500000US51085,89390.0
2863,0500000US51087,70307.0
2864,0500000US51089,37952.0
2865,0500000US51091,48587.0
2866,0500000US51093,73991.0
2867,0500000US51095,87678.0
2868,0500000US51097,63982.0
2869,0500000US51099,94274.0
2870,0500000US51101,66987.0
2871,0500000US51103,53711.0
2872,0500000US51105,32888.0
2873,0500000US51107,142299.0
2874,0500000US51109,60975.0
2875,0500000US51111,44303.0
2876,0500000US51113,57895.0
2877,0500000US51115,64237.0
2878,0500000US51117,43207.0
2879,0500000US51119,57438.0
2880,0500000US51121,57977.0
2881,0500000US51125,64313.0
2882,0500000US51127,87904.0
2883,0500000US51131,47227.0
2884,0500000US51133,62632.0
2885,0500000US51135,45535.0
2886,0500000US51137,71548.0
2887,0500000US51139,51792.0
2888,0500000US51141,43073.0
2889,0500000US51143,47690.0
2890,0500000US51145,89090.0
2891,0500000US51147,47202.0
2892,0500000US51149,71912.0
2893,0500000US51153,107132.0
2894,0500000US51155,53866.0
2895,0500000US51157,74284.0
2896,0500000US51159,49517.0
2897,0500000US51161,68948.0
2898,0500000US51163,54600.0
2899,0500000US51165,61864.0
2900,0500000US51167,39758.0
2901,0500000US51169,39820.0
2902,0500000US51171,57252.0
2903,0500000US51173,40932.0
2904,0500000US51175,61348.0
2905,0500000US51177,88628.0
2906,0500000US51179,111108.0
2907,0500000US51181,57962.0
2908,0500000US51183,49487.0
2909,0500000US51185,42099.0
2910,0500000US51187,69116.0
2911,0500000US51191,48495.0
2912,0500000US51193,53853.0
2913,0500000US51195,38888.0
2914,0500000US51197,49364.0
2915,0500000US51199,92069.0
2916,0500000US51510,100939.0
2917,0500000US51520,37500.0
2918,0500000US51530,32455.0
2919,0500000US51540,59471.0
2920,0500000US51550,78640.0
2921,0500000US51570,54550.0
2922,0500000US51580,40655.0
2923,0500000US51590,37203.0
2924,0500000US51595,27063.0
2925,0500000US51600,116979.0
2926,0500000US51610,127610.0
2927,0500000US51620,40417.0
2928,0500000US51630,65641.0
2929,0500000US51640,33575.0
2930,0500000US51650,56287.0
2931,0500000US51660,46679.0
2932,0500000US51670,39030.0
2933,0500000US51678,42632.0
2934,0500000US51680,46409.0
2935,0500000US51683,81493.0
2936,0500000US51685,88046.0
2937,0500000US51690,34371.0
2938,0500000US51700,53215.0
2939,0500000US51710,51590.0
2940,0500000US51720,29000.0
2941,0500000US51730,38679.0
2942,0500000US51735,97118.0
2943,0500000US51740,52175.0
2944,0500000US51750,36297.0
2945,0500000US51760,47250.0
2946,0500000US51770,44230.0
2947,0500000US51775,57165.0
2948,0500000US51790,52611.0
2949,0500000US51800,74884.0
2950,0500000US51810,76610.0
2951,0500000US51820,45011.0
2952,0500000US51830,57463.0
2953,0500000US51840,58818.0
2954,0500000US53001,48294.0
2955,0500000US53003,53715.0
2956,0500000US53005,69023.0
2957,0500000US53007,58795.0
2958,0500000US53009,52192.0
2959,0500000US53011,75253.0
2960,0500000US53013,53423.0
2961,0500000US53015,54506.0
2962,0500000US53017,62951.0
2963,0500000US53019,41939.0
2964,0500000US53021,63584.0
2965,0500000US53023,55900.0
2966,0500000US53025,55556.0
2967,0500000US53027,51240.0
2968,0500000US53029,68604.0
2969,0500000US53031,55127.0
2970,0500000US53033,94974.0
2971,0500000US53035,75411.0
2972,0500000US53037,56004.0
2973,0500000US53039,55773.0
2974,0500000US53041,53484.0
2975,0500000US53043,54631.0
2976,0500000US53045,57634.0
2977,0500000US53047,47240.0
2978,0500000US53049,46733.0
2979,0500000US53051,50591.0
2980,0500000US53053,72113.0
2981,0500000US53055,63622.0
2982,0500000US53057,67028.0
2983,0500000US53059,65181.0
2984,0500000US53061,86691.0
2985,0500000US53063,56904.0
2986,0500000US53065,51775.0
2987,0500000US53067,72003.0
2988,0500000US53069,53227.0
2989,0500000US53071,57858.0
2990,0500000US53073,62984.0
2991,0500000US53075,42745.0
2992,0500000US53077,51637.0
2993,0500000US54001,38459.0
2994,0500000US54003,62515.0
2995,0500000US54005,40739.0
2996,0500000US54007,41466.0
2997,0500000US54009,51496.0
2998,0500000US54011,40028.0
2999,0500000US54013,38382.0
3000,0500000US54015,35024.0
3001,0500000US54017,45545.0
3002,0500000US54019,41394.0
3003,0500000US54021,42636.0
3004,0500000US54023,42216.0
3005,0500000US54025,40200.0
3006,0500000US54027,47857.0
3007,0500000US54029,45763.0
3008,0500000US54031,47438.0
3009,0500000US54033,53022.0
3010,0500000US54035,47837.0
3011,0500000US54037,80430.0
3012,0500000US54039,46639.0
3013,0500000US54041,39908.0
3014,0500000US54043,42345.0
3015,0500000US54045,36168.0
3016,0500000US54047,27682.0
3017,0500000US54049,50305.0
3018,0500000US54051,48557.0
3019,0500000US54053,46078.0
3020,0500000US54055,40784.0
3021,0500000US54057,49936.0
3022,0500000US54059,32764.0
3023,0500000US54061,52455.0
3024,0500000US54063,38540.0
3025,0500000US54065,51745.0
3026,0500000US54067,40086.0
3027,0500000US54069,50584.0
3028,0500000US54071,42312.0
3029,0500000US54073,56838.0
3030,0500000US54075,41882.0
3031,0500000US54077,51888.0
3032,0500000US54079,60097.0
3033,0500000US54081,43748.0
3034,0500000US54083,43320.0
3035,0500000US54085,43577.0
3036,0500000US54087,37373.0
3037,0500000US54089,38187.0
3038,0500000US54091,48578.0
3039,0500000US54093,49118.0
3040,0500000US54095,43087.0
3041,0500000US54097,40322.0
3042,0500000US54099,37988.0
3043,0500000US54101,34927.0
3044,0500000US54103,43107.0
3045,0500000US54105,46048.0
3046,0500000US54107,47321.0
3047,0500000US54109,42332.0
3048,0500000US55001,46369.0
3049,0500000US55003,42510.0
3050,0500000US55005,52703.0
3051,0500000US55007,56096.0
3052,0500000US55009,62340.0
3053,0500000US55011,57829.0
3054,0500000US55013,52672.0
3055,0500000US55015,75814.0
3056,0500000US55017,59742.0
3057,0500000US55019,54012.0
3058,0500000US55021,68005.0
3059,0500000US55023,50595.0
3060,0500000US55025,73893.0
3061,0500000US55027,60652.0
3062,0500000US55029,61560.0
3063,0500000US55031,53986.0
3064,0500000US55033,58783.0
3065,0500000US55035,59476.0
3066,0500000US55037,52181.0
3067,0500000US55039,62391.0
3068,0500000US55041,45536.0
3069,0500000US55043,54800.0
3070,0500000US55045,64502.0
3071,0500000US55047,55075.0
3072,0500000US55049,64124.0
3073,0500000US55051,43798.0
3074,0500000US55053,53650.0
3075,0500000US55055,66291.0
3076,0500000US55057,53490.0
3077,0500000US55059,63733.0
3078,0500000US55061,66192.0
3079,0500000US55063,57882.0
3080,0500000US55065,60691.0
3081,0500000US55067,49491.0
3082,0500000US55069,58541.0
3083,0500000US55071,56612.0
3084,0500000US55073,62633.0
3085,0500000US55075,50330.0
3086,0500000US55077,52288.0
3087,0500000US55078,40921.0
3088,0500000US55079,50606.0
3089,0500000US55081,59587.0
3090,0500000US55083,60908.0
3091,0500000US55085,56852.0
3092,0500000US55087,65572.0
3093,0500000US55089,85215.0
3094,0500000US55091,54583.0
3095,0500000US55093,72323.0
3096,0500000US55095,59994.0
3097,0500000US55097,58853.0
3098,0500000US55099,47956.0
3099,0500000US55101,61336.0
3100,0500000US55103,51947.0
3101,0500000US55105,57875.0
3102,0500000US55107,47532.0
3103,0500000US55109,84756.0
3104,0500000US55111,59943.0
3105,0500000US55113,47714.0
3106,0500000US55115,56531.0
3107,0500000US55117,60696.0
3108,0500000US55119,53020.0
3109,0500000US55121,58548.0
3110,0500000US55123,52459.0
3111,0500000US55125,47072.0
3112,0500000US55127,63776.0
3113,0500000US55129,50280.0
3114,0500000US55131,77663.0
3115,0500000US55133,87277.0
3116,0500000US55135,58693.0
3117,0500000US55137,52810.0
3118,0500000US55139,58543.0
3119,0500000US55141,54913.0
3120,0500000US56001,49322.0
3121,0500000US56003,52804.0
3122,0500000US56005,82659.0
3123,0500000US56007,60161.0
3124,0500000US56009,69647.0
3125,0500000US56011,65132.0
3126,0500000US56013,55896.0
3127,0500000US56015,54289.0
3128,0500000US56017,51413.0
3129,0500000US56019,58132.0
3130,0500000US56021,66910.0
3131,0500000US56023,66964.0
3132,0500000US56025,62772.0
3133,0500000US56027,39150.0
3134,0500000US56029,63582.0
3135,0500000US56031,50903.0
3136,0500000US56033,60807.0
3137,0500000US56035,77403.0
3138,0500000US56037,74843.0
3139,0500000US56039,84678.0
3140,0500000US56041,63403.0
3141,0500000US56043,54158.0
3142,0500000US56045,57031.0
3143,0500000US72001,14012.0
3144,0500000US72003,16738.0
3145,0500000US72005,16269.0
3146,0500000US72007,19279.0
3147,0500000US72009,20521.0
3148,0500000US72011,19919.0
3149,0500000US72013,18647.0
3150,0500000US72015,17570.0
3151,0500000US72017,17154.0
3152,0500000US72019,17036.0
3153,0500000US72021,26420.0
3154,0500000US72023,16708.0
3155,0500000US72025,25136.0
3156,0500000US72027,17000.0
3157,0500000US72029,21267.0
3158,0500000US72031,29059.0
3159,0500000US72033,17448.0
3160,0500000US72035,22518.0
3161,0500000US72037,18309.0
3162,0500000US72039,16867.0
3163,0500000US72041,19726.0
3164,0500000US72043,19692.0
3165,0500000US72045,13733.0
3166,0500000US72047,15140.0
3167,0500000US72049,23333.0
3168,0500000US72051,30732.0
3169,0500000US72053,19430.0
3170,0500000US72054,20442.0
3171,0500000US72055,12995.0
3172,0500000US72057,17261.0
3173,0500000US72059,17379.0
3174,0500000US72061,35928.0
3175,0500000US72063,35018.0
3176,0500000US72065,17715.0
3177,0500000US72067,19030.0
3178,0500000US72069,20434.0
3179,0500000US72071,16540.0
3180,0500000US72073,14808.0
3181,0500000US72075,20657.0
3182,0500000US72077,19605.0
3183,0500000US72079,13992.0
3184,0500000US72081,16532.0
3185,0500000US72083,14135.0
3186,0500000US72085,21667.0
3187,0500000US72087,17852.0
3188,0500000US72089,21850.0
3189,0500000US72091,18502.0
3190,0500000US72093,12441.0
3191,0500000US72095,20844.0
3192,0500000US72097,14236.0
3193,0500000US72099,15037.0
3194,0500000US72101,20941.0
3195,0500000US72103,19432.0
3196,0500000US72105,18883.0
3197,0500000US72107,15099.0
3198,0500000US72109,16007.0
3199,0500000US72111,16718.0
3200,0500000US72113,17069.0
3201,0500000US72115,17473.0
3202,0500000US72117,19907.0
3203,0500000US72119,22669.0
3204,0500000US72121,17319.0
3205,0500000US72123,18189.0
3206,0500000US72125,16486.0
3207,0500000US72127,22710.0
3208,0500000US72129,19380.0
3209,0500000US72131,15331.0
3210,0500000US72133,19827.0
3211,0500000US72135,28834.0
3212,0500000US72137,25105.0
3213,0500000US72139,32545.0
3214,0500000US72141,15399.0
3215,0500000US72143,20048.0
3216,0500000US72145,19617.0
3217,0500000US72147,14936.0
3218,0500000US72149,19877.0
3219,0500000US72151,16295.0
3220,0500000US72153,14743.0
